{
"meta":{"test_sets":[],"test_metrics":[],"learn_metrics":[{"best_value":"Min","name":"Logloss"}],"launch_mode":"Train","parameters":"","iteration_count":1000,"learn_sets":["learn"],"name":"experiment"},
"iterations":[
{"learn":[0.6822556014],"iteration":0,"passed_time":0.4274203516,"remaining_time":426.9929312},
{"learn":[0.6716500754],"iteration":1,"passed_time":0.6220399001,"remaining_time":310.3979102},
{"learn":[0.6615519162],"iteration":2,"passed_time":0.825842107,"remaining_time":274.4548602},
{"learn":[0.6493276883],"iteration":3,"passed_time":1.006013769,"remaining_time":250.4974285},
{"learn":[0.6390177626],"iteration":4,"passed_time":1.220334286,"remaining_time":242.8465229},
{"learn":[0.6290836232],"iteration":5,"passed_time":1.444158519,"remaining_time":239.248928},
{"learn":[0.6206066413],"iteration":6,"passed_time":1.637480217,"remaining_time":232.2882651},
{"learn":[0.6100403288],"iteration":7,"passed_time":1.840235837,"remaining_time":228.1892438},
{"learn":[0.6021295342],"iteration":8,"passed_time":2.038699908,"remaining_time":224.4835121},
{"learn":[0.5943500596],"iteration":9,"passed_time":2.230341379,"remaining_time":220.8037965},
{"learn":[0.5862017034],"iteration":10,"passed_time":2.42307538,"remaining_time":217.8565046},
{"learn":[0.5790753115],"iteration":11,"passed_time":2.605004224,"remaining_time":214.4786811},
{"learn":[0.5718706227],"iteration":12,"passed_time":2.814641531,"remaining_time":213.6962454},
{"learn":[0.5653153036],"iteration":13,"passed_time":3.017568274,"remaining_time":212.5230227},
{"learn":[0.5578691448],"iteration":14,"passed_time":3.206793288,"remaining_time":210.5794259},
{"learn":[0.5513423565],"iteration":15,"passed_time":3.405294957,"remaining_time":209.4256399},
{"learn":[0.5442606174],"iteration":16,"passed_time":3.589982278,"remaining_time":207.5854459},
{"learn":[0.5388675067],"iteration":17,"passed_time":3.760370224,"remaining_time":205.1490867},
{"learn":[0.5324800831],"iteration":18,"passed_time":3.959977775,"remaining_time":204.4599051},
{"learn":[0.5274908337],"iteration":19,"passed_time":4.148813248,"remaining_time":203.2918491},
{"learn":[0.5221421151],"iteration":20,"passed_time":4.331738769,"remaining_time":201.9415359},
{"learn":[0.516769686],"iteration":21,"passed_time":4.516564323,"remaining_time":200.781814},
{"learn":[0.5114703102],"iteration":22,"passed_time":4.714013585,"remaining_time":200.2430988},
{"learn":[0.5058624365],"iteration":23,"passed_time":4.924546635,"remaining_time":200.2648965},
{"learn":[0.5008115331],"iteration":24,"passed_time":5.127005413,"remaining_time":199.9532111},
{"learn":[0.4968996811],"iteration":25,"passed_time":5.329031286,"remaining_time":199.6337105},
{"learn":[0.491506603],"iteration":26,"passed_time":5.516829045,"remaining_time":198.8101726},
{"learn":[0.486561192],"iteration":27,"passed_time":5.715122835,"remaining_time":198.396407},
{"learn":[0.483161853],"iteration":28,"passed_time":5.905012985,"remaining_time":197.7161244},
{"learn":[0.4800613713],"iteration":29,"passed_time":6.141774858,"remaining_time":198.5840537},
{"learn":[0.4766924521],"iteration":30,"passed_time":6.362190773,"remaining_time":198.8697696},
{"learn":[0.4728582458],"iteration":31,"passed_time":6.575576417,"remaining_time":198.9111866},
{"learn":[0.4693800235],"iteration":32,"passed_time":6.819333537,"remaining_time":199.8271373},
{"learn":[0.4657339383],"iteration":33,"passed_time":7.106151943,"remaining_time":201.898317},
{"learn":[0.4632477165],"iteration":34,"passed_time":7.341190358,"remaining_time":202.4071056},
{"learn":[0.4596469028],"iteration":35,"passed_time":7.56764976,"remaining_time":202.6448436},
{"learn":[0.4566006167],"iteration":36,"passed_time":7.795277243,"remaining_time":202.8878915},
{"learn":[0.4533850019],"iteration":37,"passed_time":8.01822935,"remaining_time":202.9878062},
{"learn":[0.4503352309],"iteration":38,"passed_time":8.238456049,"remaining_time":203.0040067},
{"learn":[0.4479263289],"iteration":39,"passed_time":8.463609995,"remaining_time":203.1266399},
{"learn":[0.4458635752],"iteration":40,"passed_time":8.680396286,"remaining_time":203.0365863},
{"learn":[0.4437377343],"iteration":41,"passed_time":8.895611796,"remaining_time":202.9046691},
{"learn":[0.4413562885],"iteration":42,"passed_time":9.095811717,"remaining_time":202.4346933},
{"learn":[0.4385865495],"iteration":43,"passed_time":9.293082074,"remaining_time":201.9133287},
{"learn":[0.4354073475],"iteration":44,"passed_time":9.480036279,"remaining_time":201.1874366},
{"learn":[0.4336611362],"iteration":45,"passed_time":9.668290407,"remaining_time":200.5119358},
{"learn":[0.4317335782],"iteration":46,"passed_time":9.853327731,"remaining_time":199.7919431},
{"learn":[0.4295529556],"iteration":47,"passed_time":10.0406569,"remaining_time":199.1396953},
{"learn":[0.4277661302],"iteration":48,"passed_time":10.22907264,"remaining_time":198.5275118},
{"learn":[0.4262651669],"iteration":49,"passed_time":10.42093133,"remaining_time":197.9976953},
{"learn":[0.4246391695],"iteration":50,"passed_time":10.61604065,"remaining_time":197.5416192},
{"learn":[0.4224731054],"iteration":51,"passed_time":10.80858677,"remaining_time":197.0488512},
{"learn":[0.4196549032],"iteration":52,"passed_time":10.9911915,"remaining_time":196.3897801},
{"learn":[0.4178793794],"iteration":53,"passed_time":11.17669726,"remaining_time":195.7991779},
{"learn":[0.4160232788],"iteration":54,"passed_time":11.37829265,"remaining_time":195.4997556},
{"learn":[0.4140237424],"iteration":55,"passed_time":11.56324589,"remaining_time":194.9232878},
{"learn":[0.4118595673],"iteration":56,"passed_time":11.77026802,"remaining_time":194.7256621},
{"learn":[0.4104142326],"iteration":57,"passed_time":11.96164708,"remaining_time":194.2736475},
{"learn":[0.4085411308],"iteration":58,"passed_time":12.15295484,"remaining_time":193.8293305},
{"learn":[0.4064131078],"iteration":59,"passed_time":12.34484773,"remaining_time":193.4026145},
{"learn":[0.4053840434],"iteration":60,"passed_time":12.52739811,"remaining_time":192.8397841},
{"learn":[0.4043448172],"iteration":61,"passed_time":12.71462162,"remaining_time":192.3599206},
{"learn":[0.4026250524],"iteration":62,"passed_time":12.9069399,"remaining_time":191.965122},
{"learn":[0.401501048],"iteration":63,"passed_time":13.09091299,"remaining_time":191.4546025},
{"learn":[0.4004062909],"iteration":64,"passed_time":13.29260019,"remaining_time":191.2089412},
{"learn":[0.3984395844],"iteration":65,"passed_time":13.48239925,"remaining_time":190.7963773},
{"learn":[0.3969934681],"iteration":66,"passed_time":13.67521468,"remaining_time":190.4324671},
{"learn":[0.3960761169],"iteration":67,"passed_time":13.85987952,"remaining_time":189.9618782},
{"learn":[0.393767366],"iteration":68,"passed_time":14.0525277,"remaining_time":189.6072941},
{"learn":[0.3926004025],"iteration":69,"passed_time":14.23946232,"remaining_time":189.181428},
{"learn":[0.3912668462],"iteration":70,"passed_time":14.4244486,"remaining_time":188.7367992},
{"learn":[0.3900062455],"iteration":71,"passed_time":14.61123389,"remaining_time":188.3225702},
{"learn":[0.3883920383],"iteration":72,"passed_time":14.82696812,"remaining_time":188.2821842},
{"learn":[0.386865052],"iteration":73,"passed_time":15.03278768,"remaining_time":188.1129917},
{"learn":[0.3859643763],"iteration":74,"passed_time":15.221523,"remaining_time":187.732117},
{"learn":[0.3850124363],"iteration":75,"passed_time":15.40862718,"remaining_time":187.3364673},
{"learn":[0.3841084386],"iteration":76,"passed_time":15.59307646,"remaining_time":186.91441},
{"learn":[0.3830441665],"iteration":77,"passed_time":15.79367561,"remaining_time":186.689345},
{"learn":[0.3821329383],"iteration":78,"passed_time":16.00239748,"remaining_time":186.559596},
{"learn":[0.3811790116],"iteration":79,"passed_time":16.20821282,"remaining_time":186.3944475},
{"learn":[0.3803741553],"iteration":80,"passed_time":16.40624976,"remaining_time":186.1400436},
{"learn":[0.3794212708],"iteration":81,"passed_time":16.59164863,"remaining_time":185.7455298},
{"learn":[0.3779283847],"iteration":82,"passed_time":16.7885863,"remaining_time":185.4835378},
{"learn":[0.3765890636],"iteration":83,"passed_time":16.97719957,"remaining_time":185.1323191},
{"learn":[0.3751535324],"iteration":84,"passed_time":17.17716469,"remaining_time":184.9071257},
{"learn":[0.3736566077],"iteration":85,"passed_time":17.36812664,"remaining_time":184.5868342},
{"learn":[0.3731865328],"iteration":86,"passed_time":17.56177949,"remaining_time":184.2977549},
{"learn":[0.3724280554],"iteration":87,"passed_time":17.74796417,"remaining_time":183.9334469},
{"learn":[0.3715272494],"iteration":88,"passed_time":17.94599301,"remaining_time":183.6943779},
{"learn":[0.3704905637],"iteration":89,"passed_time":18.13925228,"remaining_time":183.4079952},
{"learn":[0.3696898111],"iteration":90,"passed_time":18.3243087,"remaining_time":183.041721},
{"learn":[0.3690855826],"iteration":91,"passed_time":18.50923967,"remaining_time":182.678148},
{"learn":[0.3680259029],"iteration":92,"passed_time":18.71704689,"remaining_time":182.5415219},
{"learn":[0.3674050965],"iteration":93,"passed_time":18.90653243,"remaining_time":182.2267913},
{"learn":[0.3663660332],"iteration":94,"passed_time":19.09420353,"remaining_time":181.8974126},
{"learn":[0.3658047638],"iteration":95,"passed_time":19.28197555,"remaining_time":181.5719365},
{"learn":[0.3652376645],"iteration":96,"passed_time":19.46729949,"remaining_time":181.2265097},
{"learn":[0.3648319794],"iteration":97,"passed_time":19.65113567,"remaining_time":180.8706569},
{"learn":[0.3641060063],"iteration":98,"passed_time":19.84870581,"remaining_time":180.6432721},
{"learn":[0.363460838],"iteration":99,"passed_time":20.03645859,"remaining_time":180.3281273},
{"learn":[0.3628887229],"iteration":100,"passed_time":20.23592609,"remaining_time":180.1197778},
{"learn":[0.3619604935],"iteration":101,"passed_time":20.42790466,"remaining_time":179.8456705},
{"learn":[0.3614545922],"iteration":102,"passed_time":20.61941447,"remaining_time":179.5690755},
{"learn":[0.3607640872],"iteration":103,"passed_time":20.80908718,"remaining_time":179.2782896},
{"learn":[0.3595113357],"iteration":104,"passed_time":20.99546583,"remaining_time":178.9613516},
{"learn":[0.3586302017],"iteration":105,"passed_time":21.19293924,"remaining_time":178.7404498},
{"learn":[0.3580933594],"iteration":106,"passed_time":21.38810031,"remaining_time":178.5006876},
{"learn":[0.357590715],"iteration":107,"passed_time":21.57581027,"remaining_time":178.2002108},
{"learn":[0.3570576834],"iteration":108,"passed_time":21.78232263,"remaining_time":178.0554997},
{"learn":[0.3565023742],"iteration":109,"passed_time":21.96710998,"remaining_time":177.7338898},
{"learn":[0.3561385082],"iteration":110,"passed_time":22.15485988,"remaining_time":177.4384723},
{"learn":[0.3547551533],"iteration":111,"passed_time":22.33818466,"remaining_time":177.1098927},
{"learn":[0.3542863486],"iteration":112,"passed_time":22.52698578,"remaining_time":176.8268707},
{"learn":[0.3537354037],"iteration":113,"passed_time":22.71819974,"remaining_time":176.5642541},
{"learn":[0.3533263965],"iteration":114,"passed_time":22.91761004,"remaining_time":176.3659555},
{"learn":[0.3529185618],"iteration":115,"passed_time":23.10017413,"remaining_time":176.039258},
{"learn":[0.3523077542],"iteration":116,"passed_time":23.29260593,"remaining_time":175.7894961},
{"learn":[0.3515172285],"iteration":117,"passed_time":23.48561391,"remaining_time":175.5450124},
{"learn":[0.3510760426],"iteration":118,"passed_time":23.67393077,"remaining_time":175.2666639},
{"learn":[0.3506388303],"iteration":119,"passed_time":23.86575724,"remaining_time":175.0155531},
{"learn":[0.350215232],"iteration":120,"passed_time":24.04924924,"remaining_time":174.7048767},
{"learn":[0.349877161],"iteration":121,"passed_time":24.25061412,"remaining_time":174.5249114},
{"learn":[0.3493424032],"iteration":122,"passed_time":24.44269029,"remaining_time":174.278369},
{"learn":[0.3488064077],"iteration":123,"passed_time":24.63454412,"remaining_time":174.0311343},
{"learn":[0.3482645823],"iteration":124,"passed_time":24.82969319,"remaining_time":173.8078523},
{"learn":[0.3474385232],"iteration":125,"passed_time":25.01583773,"remaining_time":173.522557},
{"learn":[0.3467571377],"iteration":126,"passed_time":25.20007674,"remaining_time":173.2257244},
{"learn":[0.3461969756],"iteration":127,"passed_time":25.38882934,"remaining_time":172.9613999},
{"learn":[0.3450249638],"iteration":128,"passed_time":25.57769587,"remaining_time":172.6990163},
{"learn":[0.3446692403],"iteration":129,"passed_time":25.78679295,"remaining_time":172.5731528},
{"learn":[0.3443028013],"iteration":130,"passed_time":25.97313961,"remaining_time":172.2951017},
{"learn":[0.3438019157],"iteration":131,"passed_time":26.16521855,"remaining_time":172.0561341},
{"learn":[0.3433437286],"iteration":132,"passed_time":26.35415978,"remaining_time":171.7974175},
{"learn":[0.3427766619],"iteration":133,"passed_time":26.54942042,"remaining_time":171.5805827},
{"learn":[0.3423389284],"iteration":134,"passed_time":26.73468123,"remaining_time":171.2999945},
{"learn":[0.3419382264],"iteration":135,"passed_time":26.92510798,"remaining_time":171.0536272},
{"learn":[0.3410368342],"iteration":136,"passed_time":27.13217655,"remaining_time":170.9129078},
{"learn":[0.3406770069],"iteration":137,"passed_time":27.32914609,"remaining_time":170.7081444},
{"learn":[0.3403437237],"iteration":138,"passed_time":27.51703459,"remaining_time":170.4472431},
{"learn":[0.3399847106],"iteration":139,"passed_time":27.71167947,"remaining_time":170.2288881},
{"learn":[0.3395521557],"iteration":140,"passed_time":27.89372725,"remaining_time":169.9341256},
{"learn":[0.3388611296],"iteration":141,"passed_time":28.07403026,"remaining_time":169.6304082},
{"learn":[0.3384815326],"iteration":142,"passed_time":28.26235587,"remaining_time":169.3764963},
{"learn":[0.3380281984],"iteration":143,"passed_time":28.44627865,"remaining_time":169.0973231},
{"learn":[0.337740545],"iteration":144,"passed_time":28.65079223,"remaining_time":168.9408783},
{"learn":[0.3371456313],"iteration":145,"passed_time":28.87722024,"remaining_time":168.9119595},
{"learn":[0.3367822214],"iteration":146,"passed_time":29.08145172,"remaining_time":168.7515532},
{"learn":[0.3363043623],"iteration":147,"passed_time":29.27417712,"remaining_time":168.524317},
{"learn":[0.3359419946],"iteration":148,"passed_time":29.47036225,"remaining_time":168.3173038},
{"learn":[0.3354604226],"iteration":149,"passed_time":29.65784307,"remaining_time":168.0611107},
{"learn":[0.3350956448],"iteration":150,"passed_time":29.85164431,"remaining_time":167.8413644},
{"learn":[0.3347745751],"iteration":151,"passed_time":30.05039488,"remaining_time":167.6495714},
{"learn":[0.3341617157],"iteration":152,"passed_time":30.24145611,"remaining_time":167.4151198},
{"learn":[0.3335234521],"iteration":153,"passed_time":30.4356982,"remaining_time":167.1987057},
{"learn":[0.3332485659],"iteration":154,"passed_time":30.64229309,"remaining_time":167.0499204},
{"learn":[0.3328781209],"iteration":155,"passed_time":30.83316799,"remaining_time":166.8153448},
{"learn":[0.3324615902],"iteration":156,"passed_time":31.01959021,"remaining_time":166.5574175},
{"learn":[0.3321874531],"iteration":157,"passed_time":31.20807226,"remaining_time":166.3113724},
{"learn":[0.3317166291],"iteration":158,"passed_time":31.39080879,"remaining_time":166.0356616},
{"learn":[0.3315066864],"iteration":159,"passed_time":31.58538504,"remaining_time":165.8232715},
{"learn":[0.3311149736],"iteration":160,"passed_time":31.78487064,"remaining_time":165.6366861},
{"learn":[0.3308496954],"iteration":161,"passed_time":31.98138496,"remaining_time":165.4345716},
{"learn":[0.330339332],"iteration":162,"passed_time":32.16531427,"remaining_time":165.1679021},
{"learn":[0.3295456144],"iteration":163,"passed_time":32.35778225,"remaining_time":164.9457681},
{"learn":[0.3293131662],"iteration":164,"passed_time":32.54223599,"remaining_time":164.6834367},
{"learn":[0.328853253],"iteration":165,"passed_time":32.72482208,"remaining_time":164.4126603},
{"learn":[0.3285932836],"iteration":166,"passed_time":32.91169132,"remaining_time":164.1643046},
{"learn":[0.3283120789],"iteration":167,"passed_time":33.10450496,"remaining_time":163.9461198},
{"learn":[0.3278738895],"iteration":168,"passed_time":33.30101436,"remaining_time":163.7464079},
{"learn":[0.3271876511],"iteration":169,"passed_time":33.49586664,"remaining_time":163.538643},
{"learn":[0.3268816611],"iteration":170,"passed_time":33.68532223,"remaining_time":163.3048663},
{"learn":[0.3265090014],"iteration":171,"passed_time":33.87055793,"remaining_time":163.0512905},
{"learn":[0.3260772607],"iteration":172,"passed_time":34.05604553,"remaining_time":162.799709},
{"learn":[0.3258204832],"iteration":173,"passed_time":34.23802329,"remaining_time":162.5322255},
{"learn":[0.3253668232],"iteration":174,"passed_time":34.42946777,"remaining_time":162.3103481},
{"learn":[0.3248863587],"iteration":175,"passed_time":34.62903682,"remaining_time":162.1268542},
{"learn":[0.3245929405],"iteration":176,"passed_time":34.81801279,"remaining_time":161.8939239},
{"learn":[0.3243142111],"iteration":177,"passed_time":35.02604504,"remaining_time":161.7494889},
{"learn":[0.3239578035],"iteration":178,"passed_time":35.21600161,"remaining_time":161.5214376},
{"learn":[0.3234482544],"iteration":179,"passed_time":35.39896728,"remaining_time":161.2619621},
{"learn":[0.3231316142],"iteration":180,"passed_time":35.58586056,"remaining_time":161.0211039},
{"learn":[0.3228250054],"iteration":181,"passed_time":35.77541299,"remaining_time":160.7927902},
{"learn":[0.3225202204],"iteration":182,"passed_time":35.96580536,"remaining_time":160.5686502},
{"learn":[0.3222752656],"iteration":183,"passed_time":36.16936017,"remaining_time":160.4032494},
{"learn":[0.3216869635],"iteration":184,"passed_time":36.3672014,"remaining_time":160.2122656},
{"learn":[0.3212635606],"iteration":185,"passed_time":36.56301441,"remaining_time":160.0123319},
{"learn":[0.3210189315],"iteration":186,"passed_time":36.75136847,"remaining_time":159.7800137},
{"learn":[0.3205342328],"iteration":187,"passed_time":36.93646691,"remaining_time":159.5341018},
{"learn":[0.3202626687],"iteration":188,"passed_time":37.12193249,"remaining_time":159.2904087},
{"learn":[0.319919517],"iteration":189,"passed_time":37.31377938,"remaining_time":159.0745331},
{"learn":[0.3195158186],"iteration":190,"passed_time":37.50472355,"remaining_time":158.8550856},
{"learn":[0.3189676747],"iteration":191,"passed_time":37.70346989,"remaining_time":158.6687691},
{"learn":[0.3186693385],"iteration":192,"passed_time":37.9059975,"remaining_time":158.4981346},
{"learn":[0.3184368252],"iteration":193,"passed_time":38.10280407,"remaining_time":158.3034025},
{"learn":[0.3182181538],"iteration":194,"passed_time":38.29043545,"remaining_time":158.070772},
{"learn":[0.3179659034],"iteration":195,"passed_time":38.48752051,"remaining_time":157.8773801},
{"learn":[0.3177150209],"iteration":196,"passed_time":38.67047038,"remaining_time":157.6263336},
{"learn":[0.3174577222],"iteration":197,"passed_time":38.85860922,"remaining_time":157.3969929},
{"learn":[0.3172121486],"iteration":198,"passed_time":39.05246217,"remaining_time":157.1910663},
{"learn":[0.3169617546],"iteration":199,"passed_time":39.24305469,"remaining_time":156.9722188},
{"learn":[0.3166030346],"iteration":200,"passed_time":39.4419584,"remaining_time":156.7866904},
{"learn":[0.3162696537],"iteration":201,"passed_time":39.63950877,"remaining_time":156.5956832},
{"learn":[0.3159638265],"iteration":202,"passed_time":39.82841639,"remaining_time":156.3706791},
{"learn":[0.3157754448],"iteration":203,"passed_time":40.01388077,"remaining_time":156.1325936},
{"learn":[0.3155373947],"iteration":204,"passed_time":40.20191175,"remaining_time":155.9049748},
{"learn":[0.3153176486],"iteration":205,"passed_time":40.38879803,"remaining_time":155.6733283},
{"learn":[0.3151894552],"iteration":206,"passed_time":40.58853348,"remaining_time":155.4913384},
{"learn":[0.3148079041],"iteration":207,"passed_time":40.78461424,"remaining_time":155.2952619},
{"learn":[0.3144252455],"iteration":208,"passed_time":40.96877195,"remaining_time":155.0540603},
{"learn":[0.3139233503],"iteration":209,"passed_time":41.15248395,"remaining_time":154.8117253},
{"learn":[0.3136275871],"iteration":210,"passed_time":41.34298409,"remaining_time":154.5953291},
{"learn":[0.313369865],"iteration":211,"passed_time":41.53115883,"remaining_time":154.3705338},
{"learn":[0.3131327919],"iteration":212,"passed_time":41.71757333,"remaining_time":154.1395785},
{"learn":[0.3128400251],"iteration":213,"passed_time":41.91369771,"remaining_time":153.9447028},
{"learn":[0.3126139931],"iteration":214,"passed_time":42.11060508,"remaining_time":153.7526744},
{"learn":[0.3124239178],"iteration":215,"passed_time":42.29809483,"remaining_time":153.5264183},
{"learn":[0.3119414013],"iteration":216,"passed_time":42.4913518,"remaining_time":153.3213293},
{"learn":[0.3117803779],"iteration":217,"passed_time":42.67799346,"remaining_time":153.0926187},
{"learn":[0.311595416],"iteration":218,"passed_time":42.86295395,"remaining_time":152.858297},
{"learn":[0.3113013138],"iteration":219,"passed_time":43.06138471,"remaining_time":152.6721822},
{"learn":[0.3107919927],"iteration":220,"passed_time":43.24502018,"remaining_time":152.4338041},
{"learn":[0.3105435203],"iteration":221,"passed_time":43.44349125,"remaining_time":152.2479108},
{"learn":[0.3099854102],"iteration":222,"passed_time":43.64656201,"remaining_time":152.0779313},
{"learn":[0.309542661],"iteration":223,"passed_time":43.82807744,"remaining_time":151.8329826},
{"learn":[0.3093466906],"iteration":224,"passed_time":44.01402339,"remaining_time":151.6038583},
{"learn":[0.3090868841],"iteration":225,"passed_time":44.21334852,"remaining_time":151.420937},
{"learn":[0.3088805892],"iteration":226,"passed_time":44.39503206,"remaining_time":151.1777964},
{"learn":[0.3085573374],"iteration":227,"passed_time":44.57715059,"remaining_time":150.9366678},
{"learn":[0.3082418045],"iteration":228,"passed_time":44.76864468,"remaining_time":150.7276203},
{"learn":[0.307786451],"iteration":229,"passed_time":44.96033709,"remaining_time":150.5193894},
{"learn":[0.3075688544],"iteration":230,"passed_time":45.14765184,"remaining_time":150.2967284},
{"learn":[0.3072069101],"iteration":231,"passed_time":45.34915587,"remaining_time":150.1213436},
{"learn":[0.3070848723],"iteration":232,"passed_time":45.53495028,"remaining_time":149.8940209},
{"learn":[0.3067661151],"iteration":233,"passed_time":45.72153315,"remaining_time":149.6696342},
{"learn":[0.3064467716],"iteration":234,"passed_time":45.91033228,"remaining_time":149.4527838},
{"learn":[0.3061846201],"iteration":235,"passed_time":46.09719139,"remaining_time":149.2298908},
{"learn":[0.3059476447],"iteration":236,"passed_time":46.28590048,"remaining_time":149.0132576},
{"learn":[0.3055208872],"iteration":237,"passed_time":46.49322831,"remaining_time":148.8564705},
{"learn":[0.3052194895],"iteration":238,"passed_time":46.7096134,"remaining_time":148.7280996},
{"learn":[0.3050406832],"iteration":239,"passed_time":46.90223342,"remaining_time":148.5237392},
{"learn":[0.3048489468],"iteration":240,"passed_time":47.09527847,"remaining_time":148.3208148},
{"learn":[0.3046551911],"iteration":241,"passed_time":47.28307731,"remaining_time":148.1015397},
{"learn":[0.3044554752],"iteration":242,"passed_time":47.47768059,"remaining_time":147.903721},
{"learn":[0.3042869609],"iteration":243,"passed_time":47.67025129,"remaining_time":147.699631},
{"learn":[0.30408845],"iteration":244,"passed_time":47.85815729,"remaining_time":147.4812602},
{"learn":[0.3037257892],"iteration":245,"passed_time":48.06461856,"remaining_time":147.3200097},
{"learn":[0.3034762746],"iteration":246,"passed_time":48.27580061,"remaining_time":147.1727849},
{"learn":[0.3031416886],"iteration":247,"passed_time":48.46270824,"remaining_time":146.9514379},
{"learn":[0.302953372],"iteration":248,"passed_time":48.65413867,"remaining_time":146.7440086},
{"learn":[0.302786877],"iteration":249,"passed_time":48.84037064,"remaining_time":146.5211119},
{"learn":[0.3024234996],"iteration":250,"passed_time":49.03078621,"remaining_time":146.3109915},
{"learn":[0.3021206362],"iteration":251,"passed_time":49.21774836,"remaining_time":146.0907769},
{"learn":[0.3017996317],"iteration":252,"passed_time":49.41332273,"remaining_time":145.8962533},
{"learn":[0.3015644802],"iteration":253,"passed_time":49.61080107,"remaining_time":145.7073134},
{"learn":[0.301356622],"iteration":254,"passed_time":49.80183729,"remaining_time":145.4994854},
{"learn":[0.3011775551],"iteration":255,"passed_time":49.98900646,"remaining_time":145.28055},
{"learn":[0.3010042856],"iteration":256,"passed_time":50.17900052,"remaining_time":145.0700288},
{"learn":[0.300831407],"iteration":257,"passed_time":50.37400591,"remaining_time":144.874079},
{"learn":[0.3004071573],"iteration":258,"passed_time":50.56111727,"remaining_time":144.6555517},
{"learn":[0.3001748719],"iteration":259,"passed_time":50.74664242,"remaining_time":144.4327515},
{"learn":[0.2997329044],"iteration":260,"passed_time":50.94859529,"remaining_time":144.2567506},
{"learn":[0.2994565852],"iteration":261,"passed_time":51.14129289,"remaining_time":144.0544815},
{"learn":[0.2991908836],"iteration":262,"passed_time":51.33008407,"remaining_time":143.8413382},
{"learn":[0.2990006454],"iteration":263,"passed_time":51.51904539,"remaining_time":143.6288538},
{"learn":[0.298706185],"iteration":264,"passed_time":51.70405479,"remaining_time":143.4055859},
{"learn":[0.2985049057],"iteration":265,"passed_time":51.89034851,"remaining_time":143.1861496},
{"learn":[0.2982851596],"iteration":266,"passed_time":52.08064267,"remaining_time":142.9779441},
{"learn":[0.2980476958],"iteration":267,"passed_time":52.27610209,"remaining_time":142.7839803},
{"learn":[0.2977595212],"iteration":268,"passed_time":52.46530484,"remaining_time":142.5730031},
{"learn":[0.2974926797],"iteration":269,"passed_time":52.66008635,"remaining_time":142.3772705},
{"learn":[0.2972816622],"iteration":270,"passed_time":52.84818409,"remaining_time":142.1635653},
{"learn":[0.296999285],"iteration":271,"passed_time":53.03108828,"remaining_time":141.936148},
{"learn":[0.296672646],"iteration":272,"passed_time":53.22648594,"remaining_time":141.742327},
{"learn":[0.296436094],"iteration":273,"passed_time":53.41330426,"remaining_time":141.5257624},
{"learn":[0.2962387883],"iteration":274,"passed_time":53.60046813,"remaining_time":141.3103251},
{"learn":[0.2959873521],"iteration":275,"passed_time":53.80439056,"remaining_time":141.1390535},
{"learn":[0.2957471198],"iteration":276,"passed_time":54.00700943,"remaining_time":140.9641437},
{"learn":[0.2955349624],"iteration":277,"passed_time":54.19594571,"remaining_time":140.7534993},
{"learn":[0.2953531923],"iteration":278,"passed_time":54.38802499,"remaining_time":140.5511327},
{"learn":[0.2950266509],"iteration":279,"passed_time":54.57311653,"remaining_time":140.3308711},
{"learn":[0.2948222776],"iteration":280,"passed_time":54.76405325,"remaining_time":140.125816},
{"learn":[0.2946668887],"iteration":281,"passed_time":54.95496643,"remaining_time":139.920801},
{"learn":[0.2944374044],"iteration":282,"passed_time":55.1425703,"remaining_time":139.7075014},
{"learn":[0.2942289599],"iteration":283,"passed_time":55.32474058,"remaining_time":139.480684},
{"learn":[0.2940329895],"iteration":284,"passed_time":55.51453036,"remaining_time":139.2732955},
{"learn":[0.293924924],"iteration":285,"passed_time":55.69777981,"remaining_time":139.0497021},
{"learn":[0.2937456617],"iteration":286,"passed_time":55.88329884,"remaining_time":138.8320281},
{"learn":[0.2934673232],"iteration":287,"passed_time":56.07469292,"remaining_time":138.6291019},
{"learn":[0.2932795929],"iteration":288,"passed_time":56.26867493,"remaining_time":138.4326224},
{"learn":[0.2931160942],"iteration":289,"passed_time":56.4543627,"remaining_time":138.2158535},
{"learn":[0.2929200912],"iteration":290,"passed_time":56.65418815,"remaining_time":138.0337436},
{"learn":[0.2927363344],"iteration":291,"passed_time":56.83942239,"remaining_time":137.8161337},
{"learn":[0.2925231022],"iteration":292,"passed_time":57.02183308,"remaining_time":137.5919317},
{"learn":[0.2923488556],"iteration":293,"passed_time":57.20759277,"remaining_time":137.3760561},
{"learn":[0.2921896887],"iteration":294,"passed_time":57.39896828,"remaining_time":137.1738056},
{"learn":[0.292017722],"iteration":295,"passed_time":57.58576432,"remaining_time":136.9607368},
{"learn":[0.2918159542],"iteration":296,"passed_time":57.79159061,"remaining_time":136.7928896},
{"learn":[0.2915510342],"iteration":297,"passed_time":57.98944913,"remaining_time":136.6060177},
{"learn":[0.2912774508],"iteration":298,"passed_time":58.17460658,"remaining_time":136.389295},
{"learn":[0.2910199567],"iteration":299,"passed_time":58.37145037,"remaining_time":136.2000509},
{"learn":[0.2907855869],"iteration":300,"passed_time":58.55783737,"remaining_time":135.9864728},
{"learn":[0.2906861198],"iteration":301,"passed_time":58.7476733,"remaining_time":135.7810462},
{"learn":[0.2903185736],"iteration":302,"passed_time":58.93283639,"remaining_time":135.5649735},
{"learn":[0.2901952005],"iteration":303,"passed_time":59.11886866,"remaining_time":135.351094},
{"learn":[0.2900268815],"iteration":304,"passed_time":59.315129,"remaining_time":135.1607038},
{"learn":[0.2897579881],"iteration":305,"passed_time":59.52120103,"remaining_time":134.9925278},
{"learn":[0.289635527],"iteration":306,"passed_time":59.70443243,"remaining_time":134.7725462},
{"learn":[0.2894033068],"iteration":307,"passed_time":59.89263476,"remaining_time":134.5639716},
{"learn":[0.2892357044],"iteration":308,"passed_time":60.08073599,"remaining_time":134.3553028},
{"learn":[0.289017717],"iteration":309,"passed_time":60.26381278,"remaining_time":134.1355833},
{"learn":[0.2887316269],"iteration":310,"passed_time":60.45416369,"remaining_time":133.9322147},
{"learn":[0.288526993],"iteration":311,"passed_time":60.65861565,"remaining_time":133.7600243},
{"learn":[0.2883805608],"iteration":312,"passed_time":60.8583825,"remaining_time":133.5773443},
{"learn":[0.2882289825],"iteration":313,"passed_time":61.07058423,"remaining_time":133.4217222},
{"learn":[0.2879628575],"iteration":314,"passed_time":61.26229249,"remaining_time":133.2211757},
{"learn":[0.2877841164],"iteration":315,"passed_time":61.44812949,"remaining_time":133.0079765},
{"learn":[0.2875973306],"iteration":316,"passed_time":61.63876755,"remaining_time":132.8052941},
{"learn":[0.2875155161],"iteration":317,"passed_time":61.82195277,"remaining_time":132.5867037},
{"learn":[0.2872658387],"iteration":318,"passed_time":62.01357336,"remaining_time":132.3863431},
{"learn":[0.2869976292],"iteration":319,"passed_time":62.2228191,"remaining_time":132.2234906},
{"learn":[0.2868610329],"iteration":320,"passed_time":62.41607158,"remaining_time":132.026519},
{"learn":[0.2866584183],"iteration":321,"passed_time":62.60117768,"remaining_time":131.8124176},
{"learn":[0.2865051465],"iteration":322,"passed_time":62.81124737,"remaining_time":131.6508188},
{"learn":[0.2863025971],"iteration":323,"passed_time":63.01858108,"remaining_time":131.4832124},
{"learn":[0.2861591286],"iteration":324,"passed_time":63.22209095,"remaining_time":131.3074197},
{"learn":[0.2859626697],"iteration":325,"passed_time":63.40807006,"remaining_time":131.0952123},
{"learn":[0.2858200155],"iteration":326,"passed_time":63.5919757,"remaining_time":130.878898},
{"learn":[0.2856515011],"iteration":327,"passed_time":63.79941028,"remaining_time":130.7109869},
{"learn":[0.2853153192],"iteration":328,"passed_time":63.99351737,"remaining_time":130.515654},
{"learn":[0.2851094803],"iteration":329,"passed_time":64.18865763,"remaining_time":130.3224261},
{"learn":[0.2849271239],"iteration":330,"passed_time":64.39004211,"remaining_time":130.1418072},
{"learn":[0.284718712],"iteration":331,"passed_time":64.57598879,"remaining_time":129.9300015},
{"learn":[0.284555995],"iteration":332,"passed_time":64.75700244,"remaining_time":129.7084703},
{"learn":[0.2843807062],"iteration":333,"passed_time":64.94688786,"remaining_time":129.5048722},
{"learn":[0.2841427537],"iteration":334,"passed_time":65.13514162,"remaining_time":129.298117},
{"learn":[0.2840230284],"iteration":335,"passed_time":65.32963095,"remaining_time":129.1037945},
{"learn":[0.2838883537],"iteration":336,"passed_time":65.52774561,"remaining_time":128.9166034},
{"learn":[0.2837093194],"iteration":337,"passed_time":65.71708005,"remaining_time":128.7121509},
{"learn":[0.2835672515],"iteration":338,"passed_time":65.90722563,"remaining_time":128.5093691},
{"learn":[0.2833430759],"iteration":339,"passed_time":66.09701131,"remaining_time":128.3059631},
{"learn":[0.2832273567],"iteration":340,"passed_time":66.28436182,"remaining_time":128.0979309},
{"learn":[0.282965368],"iteration":341,"passed_time":66.47188876,"remaining_time":127.8903591},
{"learn":[0.2827908283],"iteration":342,"passed_time":66.66096748,"remaining_time":127.6858765},
{"learn":[0.2825970726],"iteration":343,"passed_time":66.8700519,"remaining_time":127.5196339},
{"learn":[0.2824153676],"iteration":344,"passed_time":67.0605775,"remaining_time":127.317908},
{"learn":[0.2822449968],"iteration":345,"passed_time":67.25645397,"remaining_time":127.126361},
{"learn":[0.2819803049],"iteration":346,"passed_time":67.44657707,"remaining_time":126.923962},
{"learn":[0.2818250463],"iteration":347,"passed_time":67.63495917,"remaining_time":126.7183718},
{"learn":[0.2815880709],"iteration":348,"passed_time":67.8309973,"remaining_time":126.5271612},
{"learn":[0.2813816132],"iteration":349,"passed_time":68.02141168,"remaining_time":126.3254788},
{"learn":[0.281288432],"iteration":350,"passed_time":68.2095218,"remaining_time":126.1196001},
{"learn":[0.2811185171],"iteration":351,"passed_time":68.39488421,"remaining_time":125.9087641},
{"learn":[0.2809560932],"iteration":352,"passed_time":68.58163185,"remaining_time":125.7006113},
{"learn":[0.2808009975],"iteration":353,"passed_time":68.76573836,"remaining_time":125.4877598},
{"learn":[0.2806813699],"iteration":354,"passed_time":68.95269151,"remaining_time":125.2802423},
{"learn":[0.2805549027],"iteration":355,"passed_time":69.13707348,"remaining_time":125.0681891},
{"learn":[0.280238979],"iteration":356,"passed_time":69.3384374,"remaining_time":124.8868774},
{"learn":[0.2801055094],"iteration":357,"passed_time":69.52629469,"remaining_time":124.6812324},
{"learn":[0.2799139359],"iteration":358,"passed_time":69.71240609,"remaining_time":124.4725691},
{"learn":[0.2797693275],"iteration":359,"passed_time":69.92296323,"remaining_time":124.3074902},
{"learn":[0.2796156974],"iteration":360,"passed_time":70.1143984,"remaining_time":124.1083119},
{"learn":[0.2793500283],"iteration":361,"passed_time":70.300257,"remaining_time":123.899348},
{"learn":[0.279132269],"iteration":362,"passed_time":70.48662964,"remaining_time":123.6914134},
{"learn":[0.278986651],"iteration":363,"passed_time":70.67288047,"remaining_time":123.4833846},
{"learn":[0.2787811051],"iteration":364,"passed_time":70.88072162,"remaining_time":123.3130362},
{"learn":[0.2784950802],"iteration":365,"passed_time":71.07035401,"remaining_time":123.1109411},
{"learn":[0.2782666055],"iteration":366,"passed_time":71.26719524,"remaining_time":122.9213477},
{"learn":[0.2780812527],"iteration":367,"passed_time":71.45391469,"remaining_time":122.7143317},
{"learn":[0.2777664689],"iteration":368,"passed_time":71.64061397,"remaining_time":122.5073914},
{"learn":[0.2775855456],"iteration":369,"passed_time":71.8285824,"remaining_time":122.3027214},
{"learn":[0.2774601207],"iteration":370,"passed_time":72.01349933,"remaining_time":122.0929679},
{"learn":[0.2770772016],"iteration":371,"passed_time":72.2033335,"remaining_time":121.891649},
{"learn":[0.2769108368],"iteration":372,"passed_time":72.3991624,"remaining_time":121.7004687},
{"learn":[0.2766637649],"iteration":373,"passed_time":72.59858084,"remaining_time":121.5152717},
{"learn":[0.2764882482],"iteration":374,"passed_time":72.78458948,"remaining_time":121.3076491},
{"learn":[0.2762339784],"iteration":375,"passed_time":72.9688971,"remaining_time":121.0973186},
{"learn":[0.2759805555],"iteration":376,"passed_time":73.15596973,"remaining_time":120.8916953},
{"learn":[0.2758557819],"iteration":377,"passed_time":73.33990847,"remaining_time":120.6810134},
{"learn":[0.2757345259],"iteration":378,"passed_time":73.53721654,"remaining_time":120.4923785},
{"learn":[0.2754762175],"iteration":379,"passed_time":73.73199941,"remaining_time":120.299578},
{"learn":[0.2752218501],"iteration":380,"passed_time":73.93911405,"remaining_time":120.1268021},
{"learn":[0.2751085084],"iteration":381,"passed_time":74.13123385,"remaining_time":119.9295878},
{"learn":[0.2749494717],"iteration":382,"passed_time":74.318491,"remaining_time":119.7245664},
{"learn":[0.274764575],"iteration":383,"passed_time":74.501074,"remaining_time":119.5121395},
{"learn":[0.274631431],"iteration":384,"passed_time":74.69409524,"remaining_time":119.3165418},
{"learn":[0.2744580964],"iteration":385,"passed_time":74.87723584,"remaining_time":119.1052404},
{"learn":[0.2743191551],"iteration":386,"passed_time":75.06224656,"remaining_time":118.8970469},
{"learn":[0.2741531812],"iteration":387,"passed_time":75.26336419,"remaining_time":118.7143786},
{"learn":[0.2739216449],"iteration":388,"passed_time":75.4622455,"remaining_time":118.5281028},
{"learn":[0.2737930933],"iteration":389,"passed_time":75.64719188,"remaining_time":118.3199668},
{"learn":[0.2736838228],"iteration":390,"passed_time":75.83878421,"remaining_time":118.1223007},
{"learn":[0.2735746174],"iteration":391,"passed_time":76.02631806,"remaining_time":117.9183709},
{"learn":[0.2732450797],"iteration":392,"passed_time":76.2242524,"remaining_time":117.7305883},
{"learn":[0.273076435],"iteration":393,"passed_time":76.41751933,"remaining_time":117.5355754},
{"learn":[0.2729307682],"iteration":394,"passed_time":76.60630528,"remaining_time":117.3337081},
{"learn":[0.2727702007],"iteration":395,"passed_time":76.79715058,"remaining_time":117.1350479},
{"learn":[0.2725813956],"iteration":396,"passed_time":76.99850552,"remaining_time":116.95239},
{"learn":[0.2724507758],"iteration":397,"passed_time":77.2024566,"remaining_time":116.773565},
{"learn":[0.2723012495],"iteration":398,"passed_time":77.42192614,"remaining_time":116.617989},
{"learn":[0.2721106205],"iteration":399,"passed_time":77.62876914,"remaining_time":116.4431537},
{"learn":[0.2719409825],"iteration":400,"passed_time":77.81545164,"remaining_time":116.2380437},
{"learn":[0.2718433555],"iteration":401,"passed_time":78.00502245,"remaining_time":116.0373219},
{"learn":[0.2717438884],"iteration":402,"passed_time":78.19299532,"remaining_time":115.8342884},
{"learn":[0.2715197291],"iteration":403,"passed_time":78.37766143,"remaining_time":115.626451},
{"learn":[0.2713494398],"iteration":404,"passed_time":78.56922646,"remaining_time":115.4288636},
{"learn":[0.2712426934],"iteration":405,"passed_time":78.76593885,"remaining_time":115.2388366},
{"learn":[0.2711105754],"iteration":406,"passed_time":78.95891873,"remaining_time":115.0433386},
{"learn":[0.2709559682],"iteration":407,"passed_time":79.15031877,"remaining_time":114.8455606},
{"learn":[0.2708005305],"iteration":408,"passed_time":79.33991072,"remaining_time":114.6452011},
{"learn":[0.270593861],"iteration":409,"passed_time":79.52188956,"remaining_time":114.4339386},
{"learn":[0.2702202242],"iteration":410,"passed_time":79.71010438,"remaining_time":114.2317554},
{"learn":[0.2700169908],"iteration":411,"passed_time":79.89920366,"remaining_time":114.0309023},
{"learn":[0.2698379728],"iteration":412,"passed_time":80.09099772,"remaining_time":113.8339362},
{"learn":[0.2695243127],"iteration":413,"passed_time":80.30151286,"remaining_time":113.6634941},
{"learn":[0.2693485842],"iteration":414,"passed_time":80.51176071,"remaining_time":113.492482},
{"learn":[0.2691749076],"iteration":415,"passed_time":80.70677837,"remaining_time":113.2999004},
{"learn":[0.2690828663],"iteration":416,"passed_time":80.89450519,"remaining_time":113.097114},
{"learn":[0.268946726],"iteration":417,"passed_time":81.08194754,"remaining_time":112.8940035},
{"learn":[0.2688196726],"iteration":418,"passed_time":81.2762158,"remaining_time":112.7004329},
{"learn":[0.2686654888],"iteration":419,"passed_time":81.47613813,"remaining_time":112.5146669},
{"learn":[0.2685176723],"iteration":420,"passed_time":81.67010764,"remaining_time":112.3206469},
{"learn":[0.2683650681],"iteration":421,"passed_time":81.86488205,"remaining_time":112.1277294},
{"learn":[0.2682453103],"iteration":422,"passed_time":82.05240844,"remaining_time":111.9249165},
{"learn":[0.2680849057],"iteration":423,"passed_time":82.24290859,"remaining_time":111.7262154},
{"learn":[0.267773444],"iteration":424,"passed_time":82.43067642,"remaining_time":111.5238563},
{"learn":[0.2676056136],"iteration":425,"passed_time":82.61982332,"remaining_time":111.3234239},
{"learn":[0.2674004586],"iteration":426,"passed_time":82.80427302,"remaining_time":111.1167411},
{"learn":[0.2671988537],"iteration":427,"passed_time":82.98637992,"remaining_time":110.9070311},
{"learn":[0.2670267404],"iteration":428,"passed_time":83.18499722,"remaining_time":110.7194252},
{"learn":[0.2668854053],"iteration":429,"passed_time":83.39467384,"remaining_time":110.5464281},
{"learn":[0.2667521637],"iteration":430,"passed_time":83.59531273,"remaining_time":110.3613293},
{"learn":[0.2665977519],"iteration":431,"passed_time":83.7795811,"remaining_time":110.1546344},
{"learn":[0.2664184407],"iteration":432,"passed_time":83.96378953,"remaining_time":109.9479646},
{"learn":[0.2662749886],"iteration":433,"passed_time":84.14887466,"remaining_time":109.7425416},
{"learn":[0.2660882516],"iteration":434,"passed_time":84.35410242,"remaining_time":109.5633744},
{"learn":[0.2658556894],"iteration":435,"passed_time":84.55189242,"remaining_time":109.3744663},
{"learn":[0.2655516699],"iteration":436,"passed_time":84.75703801,"remaining_time":109.1949941},
{"learn":[0.2654155133],"iteration":437,"passed_time":84.94544282,"remaining_time":108.9939243},
{"learn":[0.2652668663],"iteration":438,"passed_time":85.1420698,"remaining_time":108.8034195},
{"learn":[0.2650053824],"iteration":439,"passed_time":85.32698359,"remaining_time":108.5979791},
{"learn":[0.2647243732],"iteration":440,"passed_time":85.51938305,"remaining_time":108.4021205},
{"learn":[0.2645204233],"iteration":441,"passed_time":85.70295264,"remaining_time":108.1951303},
{"learn":[0.2642099224],"iteration":442,"passed_time":85.89051668,"remaining_time":107.9932682},
{"learn":[0.2640368157],"iteration":443,"passed_time":86.08833033,"remaining_time":107.8043055},
{"learn":[0.2638893412],"iteration":444,"passed_time":86.28372114,"remaining_time":107.6122814},
{"learn":[0.2635403433],"iteration":445,"passed_time":86.46938674,"remaining_time":107.408162},
{"learn":[0.2634201945],"iteration":446,"passed_time":86.6599323,"remaining_time":107.2101623},
{"learn":[0.2632547092],"iteration":447,"passed_time":86.84409771,"remaining_time":107.0043347},
{"learn":[0.2631256201],"iteration":448,"passed_time":87.03365687,"remaining_time":106.8052226},
{"learn":[0.2629569429],"iteration":449,"passed_time":87.22774954,"remaining_time":106.6116939},
{"learn":[0.2628115366],"iteration":450,"passed_time":87.42575446,"remaining_time":106.422925},
{"learn":[0.2626149799],"iteration":451,"passed_time":87.61694911,"remaining_time":106.2258587},
{"learn":[0.2624776183],"iteration":452,"passed_time":87.81242788,"remaining_time":106.0339913},
{"learn":[0.2622668451],"iteration":453,"passed_time":88.00014203,"remaining_time":105.8327699},
{"learn":[0.2621263893],"iteration":454,"passed_time":88.19154499,"remaining_time":105.6360264},
{"learn":[0.2619994661],"iteration":455,"passed_time":88.38977337,"remaining_time":105.4474489},
{"learn":[0.261891417],"iteration":456,"passed_time":88.58800112,"remaining_time":105.2588285},
{"learn":[0.2617401807],"iteration":457,"passed_time":88.77489302,"remaining_time":105.0567511},
{"learn":[0.2615172428],"iteration":458,"passed_time":88.96706173,"remaining_time":104.8609595},
{"learn":[0.2613667719],"iteration":459,"passed_time":89.15341575,"remaining_time":104.6583576},
{"learn":[0.2610841505],"iteration":460,"passed_time":89.3402576,"remaining_time":104.4563966},
{"learn":[0.260934901],"iteration":461,"passed_time":89.54316818,"remaining_time":104.2732132},
{"learn":[0.2607872799],"iteration":462,"passed_time":89.75363267,"remaining_time":104.0987057},
{"learn":[0.2606395123],"iteration":463,"passed_time":89.95383549,"remaining_time":103.9121893},
{"learn":[0.2605150318],"iteration":464,"passed_time":90.15094469,"remaining_time":103.7220546},
{"learn":[0.2603474946],"iteration":465,"passed_time":90.33818715,"remaining_time":103.5205836},
{"learn":[0.2601984405],"iteration":466,"passed_time":90.52643296,"remaining_time":103.3203186},
{"learn":[0.2600870367],"iteration":467,"passed_time":90.70958855,"remaining_time":103.1143186},
{"learn":[0.2599315989],"iteration":468,"passed_time":90.89893421,"remaining_time":102.9154244},
{"learn":[0.2597439012],"iteration":469,"passed_time":91.08844853,"remaining_time":102.7167611},
{"learn":[0.2596377573],"iteration":470,"passed_time":91.29698744,"remaining_time":102.5395039},
{"learn":[0.2595167455],"iteration":471,"passed_time":91.50189428,"remaining_time":102.3580512},
{"learn":[0.2592273985],"iteration":472,"passed_time":91.69185821,"remaining_time":102.1598505},
{"learn":[0.259133973],"iteration":473,"passed_time":91.87646772,"remaining_time":101.9557427},
{"learn":[0.2589982561],"iteration":474,"passed_time":92.06083047,"remaining_time":101.7514442},
{"learn":[0.258872082],"iteration":475,"passed_time":92.24362819,"remaining_time":101.5455067},
{"learn":[0.2587522264],"iteration":476,"passed_time":92.42969715,"remaining_time":101.3432529},
{"learn":[0.258543326],"iteration":477,"passed_time":92.6278149,"remaining_time":101.1542246},
{"learn":[0.2584138298],"iteration":478,"passed_time":92.82742525,"remaining_time":100.966782},
{"learn":[0.2582856039],"iteration":479,"passed_time":93.01981198,"remaining_time":100.771463},
{"learn":[0.2580077213],"iteration":480,"passed_time":93.20811396,"remaining_time":100.5717487},
{"learn":[0.2578768735],"iteration":481,"passed_time":93.39151106,"remaining_time":100.3668106},
{"learn":[0.2577316789],"iteration":482,"passed_time":93.58335282,"remaining_time":100.1710008},
{"learn":[0.2575341289],"iteration":483,"passed_time":93.76837997,"remaining_time":99.96794228},
{"learn":[0.2573750108],"iteration":484,"passed_time":93.95316103,"remaining_time":99.76469676},
{"learn":[0.2571978493],"iteration":485,"passed_time":94.14404268,"remaining_time":99.5679793},
{"learn":[0.2569792757],"iteration":486,"passed_time":94.33680013,"remaining_time":99.37326174},
{"learn":[0.2568610811],"iteration":487,"passed_time":94.52897682,"remaining_time":99.17794289},
{"learn":[0.2566517898],"iteration":488,"passed_time":94.71830258,"remaining_time":98.97965771},
{"learn":[0.2564249598],"iteration":489,"passed_time":94.90213067,"remaining_time":98.77568703},
{"learn":[0.2561764712],"iteration":490,"passed_time":95.09164071,"remaining_time":98.57768864},
{"learn":[0.2560199913],"iteration":491,"passed_time":95.27891836,"remaining_time":98.37741977},
{"learn":[0.2558579908],"iteration":492,"passed_time":95.46724897,"remaining_time":98.17828647},
{"learn":[0.2557270127],"iteration":493,"passed_time":95.65693014,"remaining_time":97.98058026},
{"learn":[0.2555925009],"iteration":494,"passed_time":95.85207696,"remaining_time":97.78848256},
{"learn":[0.2554254359],"iteration":495,"passed_time":96.03429916,"remaining_time":97.58323947},
{"learn":[0.2553009391],"iteration":496,"passed_time":96.21977221,"remaining_time":97.38137911},
{"learn":[0.2551738531],"iteration":497,"passed_time":96.40604447,"remaining_time":97.18039021},
{"learn":[0.2550512943],"iteration":498,"passed_time":96.60876569,"remaining_time":96.99597518},
{"learn":[0.254890564],"iteration":499,"passed_time":96.79850669,"remaining_time":96.79850669},
{"learn":[0.2547792091],"iteration":500,"passed_time":96.98838284,"remaining_time":96.60120367},
{"learn":[0.2544970599],"iteration":501,"passed_time":97.1749127,"remaining_time":96.4006106},
{"learn":[0.2543643719],"iteration":502,"passed_time":97.36747617,"remaining_time":96.2060351},
{"learn":[0.254180322],"iteration":503,"passed_time":97.55030301,"remaining_time":96.0018855},
{"learn":[0.2538661244],"iteration":504,"passed_time":97.73816939,"remaining_time":95.8027601},
{"learn":[0.2536308916],"iteration":505,"passed_time":97.92506079,"remaining_time":95.60272733},
{"learn":[0.2534802415],"iteration":506,"passed_time":98.11152655,"remaining_time":95.40233252},
{"learn":[0.2532866813],"iteration":507,"passed_time":98.30061548,"remaining_time":95.2045331},
{"learn":[0.25306801],"iteration":508,"passed_time":98.50686833,"remaining_time":95.02332485},
{"learn":[0.252926056],"iteration":509,"passed_time":98.6981042,"remaining_time":94.82759031},
{"learn":[0.2527755363],"iteration":510,"passed_time":98.88230528,"remaining_time":94.62514145},
{"learn":[0.2526407802],"iteration":511,"passed_time":99.0717975,"remaining_time":94.42780699},
{"learn":[0.2524724775],"iteration":512,"passed_time":99.25532741,"remaining_time":94.22484298},
{"learn":[0.2523496907],"iteration":513,"passed_time":99.44454026,"remaining_time":94.02732795},
{"learn":[0.2521977867],"iteration":514,"passed_time":99.63673145,"remaining_time":93.83265001},
{"learn":[0.2520312265],"iteration":515,"passed_time":99.83298341,"remaining_time":93.64179064},
{"learn":[0.2518600741],"iteration":516,"passed_time":100.0225721,"remaining_time":93.44468537},
{"learn":[0.2517448922],"iteration":517,"passed_time":100.2122342,"remaining_time":93.24767743},
{"learn":[0.2516323159],"iteration":518,"passed_time":100.3955756,"remaining_time":93.04483981},
{"learn":[0.2515175574],"iteration":519,"passed_time":100.5859684,"remaining_time":92.84858622},
{"learn":[0.2513417964],"iteration":520,"passed_time":100.7589377,"remaining_time":92.63633624},
{"learn":[0.2512162737],"iteration":521,"passed_time":100.9360683,"remaining_time":92.42804721},
{"learn":[0.2510905393],"iteration":522,"passed_time":101.1195894,"remaining_time":92.22570582},
{"learn":[0.2509516143],"iteration":523,"passed_time":101.3229149,"remaining_time":92.04142653},
{"learn":[0.2508025602],"iteration":524,"passed_time":101.5153357,"remaining_time":91.84720845},
{"learn":[0.2505282114],"iteration":525,"passed_time":101.7253247,"remaining_time":91.66882875},
{"learn":[0.2503551373],"iteration":526,"passed_time":101.9239274,"remaining_time":91.48010937},
{"learn":[0.2502467788],"iteration":527,"passed_time":102.1055261,"remaining_time":91.27615213},
{"learn":[0.2501142048],"iteration":528,"passed_time":102.2935916,"remaining_time":91.07803711},
{"learn":[0.2499570572],"iteration":529,"passed_time":102.4938835,"remaining_time":90.89080233},
{"learn":[0.2498482752],"iteration":530,"passed_time":102.7070263,"remaining_time":90.71486883},
{"learn":[0.2497429944],"iteration":531,"passed_time":102.9201699,"remaining_time":90.53879611},
{"learn":[0.2496101274],"iteration":532,"passed_time":103.1309648,"remaining_time":90.36052634},
{"learn":[0.2494822922],"iteration":533,"passed_time":103.3235752,"remaining_time":90.16626597},
{"learn":[0.249265168],"iteration":534,"passed_time":103.5102922,"remaining_time":89.96688946},
{"learn":[0.2490598501],"iteration":535,"passed_time":103.6982155,"remaining_time":89.76860447},
{"learn":[0.248815107],"iteration":536,"passed_time":103.8852642,"remaining_time":89.56960398},
{"learn":[0.2487067647],"iteration":537,"passed_time":104.0776544,"remaining_time":89.37523484},
{"learn":[0.2485854435],"iteration":538,"passed_time":104.2697409,"remaining_time":89.18061325},
{"learn":[0.2484672327],"iteration":539,"passed_time":104.4603623,"remaining_time":88.9847531},
{"learn":[0.2483368734],"iteration":540,"passed_time":104.6519485,"remaining_time":88.78973076},
{"learn":[0.2482351264],"iteration":541,"passed_time":104.8395742,"remaining_time":88.59137449},
{"learn":[0.2481227781],"iteration":542,"passed_time":105.026224,"remaining_time":88.39223637},
{"learn":[0.2479100507],"iteration":543,"passed_time":105.2118464,"remaining_time":88.19228303},
{"learn":[0.2477228741],"iteration":544,"passed_time":105.3964301,"remaining_time":87.99151505},
{"learn":[0.2475890788],"iteration":545,"passed_time":105.5809524,"remaining_time":87.79075532},
{"learn":[0.2474681158],"iteration":546,"passed_time":105.7899152,"remaining_time":87.61029542},
{"learn":[0.2472411719],"iteration":547,"passed_time":106.0007018,"remaining_time":87.43123579},
{"learn":[0.2471167891],"iteration":548,"passed_time":106.1884931,"remaining_time":87.2331701},
{"learn":[0.2468407956],"iteration":549,"passed_time":106.3773104,"remaining_time":87.03598124},
{"learn":[0.2467368501],"iteration":550,"passed_time":106.5671969,"remaining_time":86.83969402},
{"learn":[0.2465321348],"iteration":551,"passed_time":106.7481086,"remaining_time":86.63614608},
{"learn":[0.2463239346],"iteration":552,"passed_time":106.9349675,"remaining_time":86.43748733},
{"learn":[0.2460899394],"iteration":553,"passed_time":107.1258799,"remaining_time":86.24213439},
{"learn":[0.2458524755],"iteration":554,"passed_time":107.3285627,"remaining_time":86.05623494},
{"learn":[0.2455390922],"iteration":555,"passed_time":107.533101,"remaining_time":85.87175695},
{"learn":[0.2452883725],"iteration":556,"passed_time":107.7327752,"remaining_time":85.68333828},
{"learn":[0.245080498],"iteration":557,"passed_time":107.931989,"remaining_time":85.49451458},
{"learn":[0.2449033365],"iteration":558,"passed_time":108.1312781,"remaining_time":85.30571313},
{"learn":[0.2447689875],"iteration":559,"passed_time":108.3156009,"remaining_time":85.10511498},
{"learn":[0.2444550505],"iteration":560,"passed_time":108.5060421,"remaining_time":84.90936268},
{"learn":[0.2443485321],"iteration":561,"passed_time":108.6936261,"remaining_time":84.71140258},
{"learn":[0.2441449405],"iteration":562,"passed_time":108.9075883,"remaining_time":84.53395397},
{"learn":[0.2440229841],"iteration":563,"passed_time":109.1205746,"remaining_time":84.35562151},
{"learn":[0.2438749885],"iteration":564,"passed_time":109.3074583,"remaining_time":84.15706969},
{"learn":[0.2437655226],"iteration":565,"passed_time":109.4946031,"remaining_time":83.9587593},
{"learn":[0.2436690682],"iteration":566,"passed_time":109.6803174,"remaining_time":83.75939583},
{"learn":[0.2434530838],"iteration":567,"passed_time":109.8754191,"remaining_time":83.5672202},
{"learn":[0.2433349381],"iteration":568,"passed_time":110.0632372,"remaining_time":83.36951713},
{"learn":[0.2432321001],"iteration":569,"passed_time":110.2566864,"remaining_time":83.17609673},
{"learn":[0.2431234158],"iteration":570,"passed_time":110.441803,"remaining_time":82.97641588},
{"learn":[0.2430223202],"iteration":571,"passed_time":110.6201959,"remaining_time":82.77175498},
{"learn":[0.2429290413],"iteration":572,"passed_time":110.8079465,"remaining_time":82.57415912},
{"learn":[0.2428313004],"iteration":573,"passed_time":110.9959442,"remaining_time":82.37678088},
{"learn":[0.2427127801],"iteration":574,"passed_time":111.1831893,"remaining_time":82.17887908},
{"learn":[0.2425276228],"iteration":575,"passed_time":111.3893217,"remaining_time":81.99491736},
{"learn":[0.2423234286],"iteration":576,"passed_time":111.5899136,"remaining_time":81.80681704},
{"learn":[0.2422111454],"iteration":577,"passed_time":111.7787735,"remaining_time":81.61010799},
{"learn":[0.2419797069],"iteration":578,"passed_time":111.9870344,"remaining_time":81.42753281},
{"learn":[0.2417509065],"iteration":579,"passed_time":112.169985,"remaining_time":81.22654085},
{"learn":[0.2415236043],"iteration":580,"passed_time":112.3505032,"remaining_time":81.02385689},
{"learn":[0.2413894832],"iteration":581,"passed_time":112.5451259,"remaining_time":80.83137905},
{"learn":[0.2411720659],"iteration":582,"passed_time":112.7329554,"remaining_time":80.63403501},
{"learn":[0.2410218393],"iteration":583,"passed_time":112.9404718,"remaining_time":80.45074701},
{"learn":[0.2409137901],"iteration":584,"passed_time":113.1319897,"remaining_time":80.25602689},
{"learn":[0.2407062738],"iteration":585,"passed_time":113.3231307,"remaining_time":80.06105141},
{"learn":[0.240606823],"iteration":586,"passed_time":113.5138579,"remaining_time":79.86579782},
{"learn":[0.2403968152],"iteration":587,"passed_time":113.6968064,"remaining_time":79.66510921},
{"learn":[0.2402283985],"iteration":588,"passed_time":113.8825935,"remaining_time":79.46646167},
{"learn":[0.2400930561],"iteration":589,"passed_time":114.0653272,"remaining_time":79.26573584},
{"learn":[0.2398701671],"iteration":590,"passed_time":114.248516,"remaining_time":79.06538585},
{"learn":[0.2396939501],"iteration":591,"passed_time":114.4472735,"remaining_time":78.87582364},
{"learn":[0.2395239864],"iteration":592,"passed_time":114.6417426,"remaining_time":78.6832871},
{"learn":[0.2393025955],"iteration":593,"passed_time":114.8340922,"remaining_time":78.48929536},
{"learn":[0.2390599042],"iteration":594,"passed_time":115.0210381,"remaining_time":78.29163097},
{"learn":[0.2389515782],"iteration":595,"passed_time":115.2040834,"remaining_time":78.09135857},
{"learn":[0.2386989695],"iteration":596,"passed_time":115.3896096,"remaining_time":77.89281857},
{"learn":[0.2385932979],"iteration":597,"passed_time":115.5842085,"remaining_time":77.70042108},
{"learn":[0.2384954267],"iteration":598,"passed_time":115.7678234,"remaining_time":77.50066307},
{"learn":[0.2381717026],"iteration":599,"passed_time":115.9776588,"remaining_time":77.31843919},
{"learn":[0.2379701466],"iteration":600,"passed_time":116.1890014,"remaining_time":77.13712405},
{"learn":[0.2377861292],"iteration":601,"passed_time":116.3747338,"remaining_time":76.93877747},
{"learn":[0.2376935016],"iteration":602,"passed_time":116.5619071,"remaining_time":76.7414214},
{"learn":[0.2375734506],"iteration":603,"passed_time":116.7489908,"remaining_time":76.54404034},
{"learn":[0.2373532486],"iteration":604,"passed_time":116.9356213,"remaining_time":76.34639736},
{"learn":[0.2371085868],"iteration":605,"passed_time":117.1194986,"remaining_time":76.14700074},
{"learn":[0.2370057162],"iteration":606,"passed_time":117.3062962,"remaining_time":75.94954599},
{"learn":[0.2367769646],"iteration":607,"passed_time":117.5091923,"remaining_time":75.76250559},
{"learn":[0.2366833926],"iteration":608,"passed_time":117.7132594,"remaining_time":75.5761649},
{"learn":[0.2364637116],"iteration":609,"passed_time":117.8993722,"remaining_time":75.37828715},
{"learn":[0.2361966584],"iteration":610,"passed_time":118.0835588,"remaining_time":75.17922158},
{"learn":[0.2361002365],"iteration":611,"passed_time":118.2696487,"remaining_time":74.9814113},
{"learn":[0.2359077185],"iteration":612,"passed_time":118.4569319,"remaining_time":74.78439254},
{"learn":[0.2356764591],"iteration":613,"passed_time":118.6411185,"remaining_time":74.58545888},
{"learn":[0.2355213959],"iteration":614,"passed_time":118.8297826,"remaining_time":74.38937609},
{"learn":[0.2354183624],"iteration":615,"passed_time":119.0258279,"remaining_time":74.19791868},
{"learn":[0.2352004728],"iteration":616,"passed_time":119.2292887,"remaining_time":74.01104955},
{"learn":[0.2350981884],"iteration":617,"passed_time":119.4233051,"remaining_time":73.81828889},
{"learn":[0.2348794357],"iteration":618,"passed_time":119.6084512,"remaining_time":73.62006448},
{"learn":[0.2345475204],"iteration":619,"passed_time":119.7931371,"remaining_time":73.42160019},
{"learn":[0.2344610811],"iteration":620,"passed_time":119.9851146,"remaining_time":73.2276303},
{"learn":[0.2343674439],"iteration":621,"passed_time":120.1696251,"remaining_time":73.02912908},
{"learn":[0.234160351],"iteration":622,"passed_time":120.3552137,"remaining_time":72.83132512},
{"learn":[0.2340525624],"iteration":623,"passed_time":120.5501097,"remaining_time":72.63916864},
{"learn":[0.2339584041],"iteration":624,"passed_time":120.7417983,"remaining_time":72.44507899},
{"learn":[0.2338595884],"iteration":625,"passed_time":120.9319148,"remaining_time":72.25005773},
{"learn":[0.2336249418],"iteration":626,"passed_time":121.1229263,"remaining_time":72.05558452},
{"learn":[0.2333934544],"iteration":627,"passed_time":121.307949,"remaining_time":71.85757489},
{"learn":[0.2331828766],"iteration":628,"passed_time":121.4913772,"remaining_time":71.65866606},
{"learn":[0.233065252],"iteration":629,"passed_time":121.6770715,"remaining_time":71.46113721},
{"learn":[0.2329736667],"iteration":630,"passed_time":121.8618149,"remaining_time":71.26308987},
{"learn":[0.2328401319],"iteration":631,"passed_time":122.0532852,"remaining_time":71.06900149},
{"learn":[0.2327079325],"iteration":632,"passed_time":122.2684722,"remaining_time":70.8886719},
{"learn":[0.2324934301],"iteration":633,"passed_time":122.4802501,"remaining_time":70.70626425},
{"learn":[0.2323463464],"iteration":634,"passed_time":122.6823828,"remaining_time":70.51822004},
{"learn":[0.2321054139],"iteration":635,"passed_time":122.8768643,"remaining_time":70.32575252},
{"learn":[0.2320001331],"iteration":636,"passed_time":123.0635176,"remaining_time":70.12881773},
{"learn":[0.2317800125],"iteration":637,"passed_time":123.2486864,"remaining_time":69.93107286},
{"learn":[0.2316868476],"iteration":638,"passed_time":123.4392826,"remaining_time":69.73643355},
{"learn":[0.2314996709],"iteration":639,"passed_time":123.6362552,"remaining_time":69.54539356},
{"learn":[0.2312310381],"iteration":640,"passed_time":123.8399036,"remaining_time":69.35807396},
{"learn":[0.2311401693],"iteration":641,"passed_time":124.0290481,"remaining_time":69.16261563},
{"learn":[0.2310413861],"iteration":642,"passed_time":124.2214174,"remaining_time":68.96896738},
{"learn":[0.2309365451],"iteration":643,"passed_time":124.4037368,"remaining_time":68.76976755},
{"learn":[0.2307251042],"iteration":644,"passed_time":124.589838,"remaining_time":68.57270155},
{"learn":[0.2304676101],"iteration":645,"passed_time":124.7777278,"remaining_time":68.37664958},
{"learn":[0.2303107067],"iteration":646,"passed_time":124.9659008,"remaining_time":68.18077742},
{"learn":[0.2302220201],"iteration":647,"passed_time":125.1613315,"remaining_time":67.98887145},
{"learn":[0.2300617133],"iteration":648,"passed_time":125.3564881,"remaining_time":67.79680638},
{"learn":[0.2298397687],"iteration":649,"passed_time":125.54177,"remaining_time":67.5994146},
{"learn":[0.2296313568],"iteration":650,"passed_time":125.737196,"remaining_time":67.4074983},
{"learn":[0.2295092702],"iteration":651,"passed_time":125.9253077,"remaining_time":67.21166732},
{"learn":[0.229272246],"iteration":652,"passed_time":126.1079319,"remaining_time":67.0129439},
{"learn":[0.2290859324],"iteration":653,"passed_time":126.2979372,"remaining_time":66.81817473},
{"learn":[0.2289997862],"iteration":654,"passed_time":126.4821296,"remaining_time":66.62035836},
{"learn":[0.2287936541],"iteration":655,"passed_time":126.6810244,"remaining_time":66.43029327},
{"learn":[0.228538505],"iteration":656,"passed_time":126.8815535,"remaining_time":66.24105458},
{"learn":[0.2283786053],"iteration":657,"passed_time":127.0781221,"remaining_time":66.04972304},
{"learn":[0.2280791129],"iteration":658,"passed_time":127.26361,"remaining_time":65.8526419},
{"learn":[0.2278513059],"iteration":659,"passed_time":127.4621503,"remaining_time":65.66231984},
{"learn":[0.227709531],"iteration":660,"passed_time":127.6438931,"remaining_time":65.46335817},
{"learn":[0.2276109921],"iteration":661,"passed_time":127.8309726,"remaining_time":65.2671733},
{"learn":[0.2275200908],"iteration":662,"passed_time":128.0354175,"remaining_time":65.0798427},
{"learn":[0.2274345146],"iteration":663,"passed_time":128.2320971,"remaining_time":64.88853104},
{"learn":[0.2273424733],"iteration":664,"passed_time":128.4345837,"remaining_time":64.70012863},
{"learn":[0.2272482173],"iteration":665,"passed_time":128.6357006,"remaining_time":64.510997},
{"learn":[0.2270563181],"iteration":666,"passed_time":128.8235317,"remaining_time":64.31519648},
{"learn":[0.226969667],"iteration":667,"passed_time":129.0074199,"remaining_time":64.11746017},
{"learn":[0.2267594475],"iteration":668,"passed_time":129.1991955,"remaining_time":63.92366773},
{"learn":[0.2265887835],"iteration":669,"passed_time":129.3843946,"remaining_time":63.72664214},
{"learn":[0.2265010089],"iteration":670,"passed_time":129.5888334,"remaining_time":63.53908522},
{"learn":[0.2263381779],"iteration":671,"passed_time":129.7833185,"remaining_time":63.34661973},
{"learn":[0.2260992321],"iteration":672,"passed_time":129.9767421,"remaining_time":63.15363251},
{"learn":[0.2259280959],"iteration":673,"passed_time":130.1700726,"remaining_time":62.96059892},
{"learn":[0.2257366689],"iteration":674,"passed_time":130.362143,"remaining_time":62.76695774},
{"learn":[0.2254347827],"iteration":675,"passed_time":130.5441184,"remaining_time":62.56848278},
{"learn":[0.2253428391],"iteration":676,"passed_time":130.7338203,"remaining_time":62.37374293},
{"learn":[0.2251051472],"iteration":677,"passed_time":130.9272489,"remaining_time":62.18078783},
{"learn":[0.2249918707],"iteration":678,"passed_time":131.123827,"remaining_time":61.98932027},
{"learn":[0.2248844892],"iteration":679,"passed_time":131.3158776,"remaining_time":61.7957071},
{"learn":[0.2247086467],"iteration":680,"passed_time":131.4992935,"remaining_time":61.5980538},
{"learn":[0.2244399161],"iteration":681,"passed_time":131.6857194,"remaining_time":61.40184571},
{"learn":[0.2242399397],"iteration":682,"passed_time":131.8714293,"remaining_time":61.20533394},
{"learn":[0.2239799052],"iteration":683,"passed_time":132.074354,"remaining_time":61.01680682},
{"learn":[0.2238593982],"iteration":684,"passed_time":132.2566305,"remaining_time":60.81874249},
{"learn":[0.2236959647],"iteration":685,"passed_time":132.4473151,"remaining_time":60.62457282},
{"learn":[0.2236071315],"iteration":686,"passed_time":132.647091,"remaining_time":60.43455527},
{"learn":[0.2234252799],"iteration":687,"passed_time":132.8735201,"remaining_time":60.25659631},
{"learn":[0.2232778055],"iteration":688,"passed_time":133.0605969,"remaining_time":60.06073389},
{"learn":[0.2230953514],"iteration":689,"passed_time":133.2474997,"remaining_time":59.86481871},
{"learn":[0.2230016816],"iteration":690,"passed_time":133.4260829,"remaining_time":59.6652093},
{"learn":[0.2229301917],"iteration":691,"passed_time":133.6325519,"remaining_time":59.47807225},
{"learn":[0.2228453808],"iteration":692,"passed_time":133.8191686,"remaining_time":59.28208481},
{"learn":[0.2227436501],"iteration":693,"passed_time":134.0126291,"remaining_time":59.08914195},
{"learn":[0.2226611354],"iteration":694,"passed_time":134.2060344,"remaining_time":58.89617338},
{"learn":[0.2224899341],"iteration":695,"passed_time":134.3881378,"remaining_time":58.69826708},
{"learn":[0.2224168808],"iteration":696,"passed_time":134.567059,"remaining_time":58.4990228},
{"learn":[0.2223009824],"iteration":697,"passed_time":134.7454838,"remaining_time":58.29962192},
{"learn":[0.2221329566],"iteration":698,"passed_time":134.931379,"remaining_time":58.10349797},
{"learn":[0.2220518912],"iteration":699,"passed_time":135.1005651,"remaining_time":57.9002422},
{"learn":[0.221970891],"iteration":700,"passed_time":135.2789866,"remaining_time":57.70102283},
{"learn":[0.2217281508],"iteration":701,"passed_time":135.4715241,"remaining_time":57.50785495},
{"learn":[0.2215912289],"iteration":702,"passed_time":135.6497254,"remaining_time":57.30863223},
{"learn":[0.2215040893],"iteration":703,"passed_time":135.8371501,"remaining_time":57.11334722},
{"learn":[0.221308754],"iteration":704,"passed_time":136.0038862,"remaining_time":56.90942757},
{"learn":[0.2212366941],"iteration":705,"passed_time":136.1771925,"remaining_time":56.70834929},
{"learn":[0.2211298011],"iteration":706,"passed_time":136.3599094,"remaining_time":56.51124957},
{"learn":[0.2210173225],"iteration":707,"passed_time":136.5515478,"remaining_time":56.31787},
{"learn":[0.2208687081],"iteration":708,"passed_time":136.7337128,"remaining_time":56.12060707},
{"learn":[0.2207982441],"iteration":709,"passed_time":136.9376354,"remaining_time":55.93227362},
{"learn":[0.220727145],"iteration":710,"passed_time":137.1262524,"remaining_time":55.73767503},
{"learn":[0.2206465193],"iteration":711,"passed_time":137.3168696,"remaining_time":55.5439023},
{"learn":[0.220569004],"iteration":712,"passed_time":137.5025154,"remaining_time":55.34813732},
{"learn":[0.2204630881],"iteration":713,"passed_time":137.6875525,"remaining_time":55.1521569},
{"learn":[0.2203937478],"iteration":714,"passed_time":137.872505,"remaining_time":54.95617331},
{"learn":[0.2202338155],"iteration":715,"passed_time":138.0621157,"remaining_time":54.76206825},
{"learn":[0.2200855593],"iteration":716,"passed_time":138.2588713,"remaining_time":54.5707958},
{"learn":[0.2199266041],"iteration":717,"passed_time":138.4572458,"remaining_time":54.38014391},
{"learn":[0.2198559284],"iteration":718,"passed_time":138.6590901,"remaining_time":54.19082659},
{"learn":[0.2197160426],"iteration":719,"passed_time":138.8631282,"remaining_time":54.00232765},
{"learn":[0.2194727487],"iteration":720,"passed_time":139.0651901,"remaining_time":53.81302084},
{"learn":[0.2194085218],"iteration":721,"passed_time":139.2598224,"remaining_time":53.62081805},
{"learn":[0.2193237761],"iteration":722,"passed_time":139.4427155,"remaining_time":53.42411092},
{"learn":[0.2192439646],"iteration":723,"passed_time":139.62942,"remaining_time":53.22889492},
{"learn":[0.2191367785],"iteration":724,"passed_time":139.8125371,"remaining_time":53.03234167},
{"learn":[0.2190679267],"iteration":725,"passed_time":140.0058416,"remaining_time":52.83967026},
{"learn":[0.2188309351],"iteration":726,"passed_time":140.2028381,"remaining_time":52.64838351},
{"learn":[0.2187628324],"iteration":727,"passed_time":140.3884035,"remaining_time":52.45281011},
{"learn":[0.2186821415],"iteration":728,"passed_time":140.576076,"remaining_time":52.25804747},
{"learn":[0.2186153904],"iteration":729,"passed_time":140.7625068,"remaining_time":52.06284498},
{"learn":[0.2185518474],"iteration":730,"passed_time":140.9449738,"remaining_time":51.86620785},
{"learn":[0.2184640402],"iteration":731,"passed_time":141.1315096,"remaining_time":51.67109913},
{"learn":[0.2182746325],"iteration":732,"passed_time":141.3161762,"remaining_time":51.47533295},
{"learn":[0.2181885678],"iteration":733,"passed_time":141.5141702,"remaining_time":51.2844268},
{"learn":[0.2180038012],"iteration":734,"passed_time":141.7235127,"remaining_time":51.097593},
{"learn":[0.2177526908],"iteration":735,"passed_time":141.9111301,"remaining_time":50.90290538},
{"learn":[0.2175709858],"iteration":736,"passed_time":142.0967414,"remaining_time":50.70752103},
{"learn":[0.2175043487],"iteration":737,"passed_time":142.2996482,"remaining_time":50.51830329},
{"learn":[0.2174381838],"iteration":738,"passed_time":142.4833717,"remaining_time":50.32227336},
{"learn":[0.2173724424],"iteration":739,"passed_time":142.6729817,"remaining_time":50.12834492},
{"learn":[0.2172128195],"iteration":740,"passed_time":142.8709516,"remaining_time":49.93735014},
{"learn":[0.2171487065],"iteration":741,"passed_time":143.0658457,"remaining_time":49.7452671},
{"learn":[0.2169276739],"iteration":742,"passed_time":143.2572574,"remaining_time":49.55197194},
{"learn":[0.2168297376],"iteration":743,"passed_time":143.4664222,"remaining_time":49.36479045},
{"learn":[0.2167090352],"iteration":744,"passed_time":143.6474952,"remaining_time":49.16793459},
{"learn":[0.2165369056],"iteration":745,"passed_time":143.8338438,"remaining_time":48.97291734},
{"learn":[0.2164611165],"iteration":746,"passed_time":144.0313889,"remaining_time":48.78171538},
{"learn":[0.2163814516],"iteration":747,"passed_time":144.2211451,"remaining_time":48.58787241},
{"learn":[0.216315645],"iteration":748,"passed_time":144.4059327,"remaining_time":48.39237532},
{"learn":[0.2161293966],"iteration":749,"passed_time":144.5940104,"remaining_time":48.19800345},
{"learn":[0.2160253535],"iteration":750,"passed_time":144.7996778,"remaining_time":48.0094804},
{"learn":[0.2159628364],"iteration":751,"passed_time":144.9949002,"remaining_time":47.8174671},
{"learn":[0.2159004008],"iteration":752,"passed_time":145.2043959,"remaining_time":47.63012722},
{"learn":[0.2157826134],"iteration":753,"passed_time":145.4107936,"remaining_time":47.4417178},
{"learn":[0.2156793193],"iteration":754,"passed_time":145.6240516,"remaining_time":47.25548696},
{"learn":[0.215616102],"iteration":755,"passed_time":145.8515023,"remaining_time":47.07376531},
{"learn":[0.2155397592],"iteration":756,"passed_time":146.0687394,"remaining_time":46.88864422},
{"learn":[0.2154637096],"iteration":757,"passed_time":146.2622475,"remaining_time":46.69586266},
{"learn":[0.2152977356],"iteration":758,"passed_time":146.4457259,"remaining_time":46.49989451},
{"learn":[0.2152351697],"iteration":759,"passed_time":146.6310949,"remaining_time":46.30455627},
{"learn":[0.2150873858],"iteration":760,"passed_time":146.8303051,"remaining_time":46.11359122},
{"learn":[0.2150058807],"iteration":761,"passed_time":147.0141986,"remaining_time":45.91782056},
{"learn":[0.2148163917],"iteration":762,"passed_time":147.2103832,"remaining_time":45.72589884},
{"learn":[0.2147529464],"iteration":763,"passed_time":147.4029796,"remaining_time":45.53285757},
{"learn":[0.2145680007],"iteration":764,"passed_time":147.592486,"remaining_time":45.33886824},
{"learn":[0.2144298085],"iteration":765,"passed_time":147.7765895,"remaining_time":45.14324014},
{"learn":[0.214251735],"iteration":766,"passed_time":147.9732396,"remaining_time":44.95145348},
{"learn":[0.2140392845],"iteration":767,"passed_time":148.1620534,"remaining_time":44.75728697},
{"learn":[0.2139395568],"iteration":768,"passed_time":148.3459371,"remaining_time":44.56165342},
{"learn":[0.2138777074],"iteration":769,"passed_time":148.542609,"remaining_time":44.36987023},
{"learn":[0.2137466154],"iteration":770,"passed_time":148.7395897,"remaining_time":44.17816606},
{"learn":[0.2136869156],"iteration":771,"passed_time":148.9288648,"remaining_time":43.98417251},
{"learn":[0.2134731622],"iteration":772,"passed_time":149.1231202,"remaining_time":43.79165367},
{"learn":[0.2133907941],"iteration":773,"passed_time":149.3066596,"remaining_time":43.59600138},
{"learn":[0.2131754123],"iteration":774,"passed_time":149.4935765,"remaining_time":43.40136091},
{"learn":[0.2130965617],"iteration":775,"passed_time":149.6840355,"remaining_time":43.20776284},
{"learn":[0.21293461],"iteration":776,"passed_time":149.8708204,"remaining_time":43.01311834},
{"learn":[0.2127401867],"iteration":777,"passed_time":150.0663287,"remaining_time":42.82098325},
{"learn":[0.2125570487],"iteration":778,"passed_time":150.2705042,"remaining_time":42.63129838},
{"learn":[0.2124559856],"iteration":779,"passed_time":150.4571394,"remaining_time":42.43662906},
{"learn":[0.2123639281],"iteration":780,"passed_time":150.6576021,"remaining_time":42.24585769},
{"learn":[0.2122004294],"iteration":781,"passed_time":150.8437167,"remaining_time":42.05106168},
{"learn":[0.2120148812],"iteration":782,"passed_time":151.0313077,"remaining_time":41.85669703},
{"learn":[0.2119402483],"iteration":783,"passed_time":151.222611,"remaining_time":41.66337241},
{"learn":[0.2117170173],"iteration":784,"passed_time":151.4173389,"remaining_time":41.47099091},
{"learn":[0.2116575618],"iteration":785,"passed_time":151.6114647,"remaining_time":41.2784395},
{"learn":[0.2115774898],"iteration":786,"passed_time":151.8025746,"remaining_time":41.08506783},
{"learn":[0.2114956264],"iteration":787,"passed_time":151.9970057,"remaining_time":40.89259545},
{"learn":[0.2114200165],"iteration":788,"passed_time":152.185296,"remaining_time":40.69847586},
{"learn":[0.2113413938],"iteration":789,"passed_time":152.3725518,"remaining_time":40.50409606},
{"learn":[0.2112799352],"iteration":790,"passed_time":152.5526228,"remaining_time":40.30783586},
{"learn":[0.211220154],"iteration":791,"passed_time":152.7454375,"remaining_time":40.1149634},
{"learn":[0.211160845],"iteration":792,"passed_time":152.9393656,"remaining_time":39.92238169},
{"learn":[0.2111020246],"iteration":793,"passed_time":153.1429505,"remaining_time":39.73230201},
{"learn":[0.2109309373],"iteration":794,"passed_time":153.3380148,"remaining_time":39.53999123},
{"learn":[0.210857086],"iteration":795,"passed_time":153.5296275,"remaining_time":39.34678894},
{"learn":[0.2107804989],"iteration":796,"passed_time":153.7141386,"remaining_time":39.15178186},
{"learn":[0.2105414066],"iteration":797,"passed_time":153.9149252,"remaining_time":38.96092092},
{"learn":[0.2104386988],"iteration":798,"passed_time":154.1167067,"remaining_time":38.77028543},
{"learn":[0.2102559679],"iteration":799,"passed_time":154.3011594,"remaining_time":38.57528986},
{"learn":[0.2101302987],"iteration":800,"passed_time":154.4929522,"remaining_time":38.38214419},
{"learn":[0.2100716736],"iteration":801,"passed_time":154.6922981,"remaining_time":38.19086662},
{"learn":[0.209881924],"iteration":802,"passed_time":154.8910629,"remaining_time":37.99942639},
{"learn":[0.2097464351],"iteration":803,"passed_time":155.0790492,"remaining_time":37.80534034},
{"learn":[0.2095939775],"iteration":804,"passed_time":155.2675341,"remaining_time":37.61139024},
{"learn":[0.2095364435],"iteration":805,"passed_time":155.4582645,"remaining_time":37.41799419},
{"learn":[0.2093927959],"iteration":806,"passed_time":155.6462633,"remaining_time":37.22395146},
{"learn":[0.2092942408],"iteration":807,"passed_time":155.8396471,"remaining_time":37.03120326},
{"learn":[0.2092166278],"iteration":808,"passed_time":156.0300311,"remaining_time":36.83774529},
{"learn":[0.2090547087],"iteration":809,"passed_time":156.2329463,"remaining_time":36.64723431},
{"learn":[0.2088766352],"iteration":810,"passed_time":156.4439322,"remaining_time":36.4585736},
{"learn":[0.2087150256],"iteration":811,"passed_time":156.635792,"remaining_time":36.26542968},
{"learn":[0.2085422772],"iteration":812,"passed_time":156.819667,"remaining_time":36.0704523},
{"learn":[0.2084110223],"iteration":813,"passed_time":157.0028297,"remaining_time":35.87533946},
{"learn":[0.2083531464],"iteration":814,"passed_time":157.1844066,"remaining_time":35.67989599},
{"learn":[0.2082957265],"iteration":815,"passed_time":157.377802,"remaining_time":35.48715144},
{"learn":[0.2081240854],"iteration":816,"passed_time":157.5641898,"remaining_time":35.29283565},
{"learn":[0.2080759967],"iteration":817,"passed_time":157.7688245,"remaining_time":35.10259908},
{"learn":[0.2079881243],"iteration":818,"passed_time":157.9584322,"remaining_time":34.90900637},
{"learn":[0.2079313231],"iteration":819,"passed_time":158.1766277,"remaining_time":34.72169876},
{"learn":[0.2078598006],"iteration":820,"passed_time":158.3575334,"remaining_time":34.52618572},
{"learn":[0.2076476269],"iteration":821,"passed_time":158.5422594,"remaining_time":34.33153549},
{"learn":[0.2075135059],"iteration":822,"passed_time":158.7276239,"remaining_time":34.1370467},
{"learn":[0.2073262641],"iteration":823,"passed_time":158.9121943,"remaining_time":33.94241042},
{"learn":[0.2071758909],"iteration":824,"passed_time":159.096503,"remaining_time":33.74774305},
{"learn":[0.207061963],"iteration":825,"passed_time":159.3078304,"remaining_time":33.55879236},
{"learn":[0.2068645595],"iteration":826,"passed_time":159.501432,"remaining_time":33.36607949},
{"learn":[0.2067835919],"iteration":827,"passed_time":159.6851633,"remaining_time":33.17131412},
{"learn":[0.2067069885],"iteration":828,"passed_time":159.8843814,"remaining_time":32.97976986},
{"learn":[0.2065282148],"iteration":829,"passed_time":160.0726514,"remaining_time":32.78596475},
{"learn":[0.2063955594],"iteration":830,"passed_time":160.2554857,"remaining_time":32.5910675},
{"learn":[0.2063176207],"iteration":831,"passed_time":160.4510721,"remaining_time":32.39877418},
{"learn":[0.2061950293],"iteration":832,"passed_time":160.633197,"remaining_time":32.2037742},
{"learn":[0.2059917959],"iteration":833,"passed_time":160.8178969,"remaining_time":32.00931762},
{"learn":[0.2059143294],"iteration":834,"passed_time":161.0081864,"remaining_time":31.81598893},
{"learn":[0.2058486531],"iteration":835,"passed_time":161.2015307,"remaining_time":31.62326679},
{"learn":[0.205641316],"iteration":836,"passed_time":161.4037558,"remaining_time":31.43227263},
{"learn":[0.2055605437],"iteration":837,"passed_time":161.6075079,"remaining_time":31.24154688},
{"learn":[0.2054702287],"iteration":838,"passed_time":161.8080371,"remaining_time":31.05017161},
{"learn":[0.2053030334],"iteration":839,"passed_time":161.9949504,"remaining_time":30.85618103},
{"learn":[0.2052182714],"iteration":840,"passed_time":162.1828657,"remaining_time":30.66239673},
{"learn":[0.20504707],"iteration":841,"passed_time":162.3895424,"remaining_time":30.47214691},
{"learn":[0.2048940099],"iteration":842,"passed_time":162.5863837,"remaining_time":30.28002638},
{"learn":[0.2047309672],"iteration":843,"passed_time":162.7802463,"remaining_time":30.08734411},
{"learn":[0.2046759248],"iteration":844,"passed_time":162.9725744,"remaining_time":29.89437756},
{"learn":[0.2045971719],"iteration":845,"passed_time":163.1779232,"remaining_time":29.70378271},
{"learn":[0.2043792497],"iteration":846,"passed_time":163.3659847,"remaining_time":29.5100303},
{"learn":[0.2043017669],"iteration":847,"passed_time":163.5527676,"remaining_time":29.31606212},
{"learn":[0.2042458452],"iteration":848,"passed_time":163.7561084,"remaining_time":29.1250558},
{"learn":[0.2040539948],"iteration":849,"passed_time":163.9486451,"remaining_time":28.93211384},
{"learn":[0.2038237125],"iteration":850,"passed_time":164.1437247,"remaining_time":28.73961807},
{"learn":[0.2037307267],"iteration":851,"passed_time":164.3320264,"remaining_time":28.54593885},
{"learn":[0.2036817097],"iteration":852,"passed_time":164.5188425,"remaining_time":28.35201623},
{"learn":[0.203537085],"iteration":853,"passed_time":164.7218774,"remaining_time":28.16088303},
{"learn":[0.2033569922],"iteration":854,"passed_time":164.917521,"remaining_time":27.96846847},
{"learn":[0.203283027],"iteration":855,"passed_time":165.1141136,"remaining_time":27.77620603},
{"learn":[0.2032274309],"iteration":856,"passed_time":165.2930941,"remaining_time":27.5809947},
{"learn":[0.2031545079],"iteration":857,"passed_time":165.4770392,"remaining_time":27.38664285},
{"learn":[0.2030086456],"iteration":858,"passed_time":165.6751861,"remaining_time":27.19464638},
{"learn":[0.2028235534],"iteration":859,"passed_time":165.8879927,"remaining_time":27.00502207},
{"learn":[0.2027492462],"iteration":860,"passed_time":166.0516973,"remaining_time":26.80741687},
{"learn":[0.2026527592],"iteration":861,"passed_time":166.214247,"remaining_time":26.60970544},
{"learn":[0.2025334084],"iteration":862,"passed_time":166.3928376,"remaining_time":26.41462196},
{"learn":[0.2023654641],"iteration":863,"passed_time":166.6038225,"remaining_time":26.22467576},
{"learn":[0.2022911243],"iteration":864,"passed_time":166.794505,"remaining_time":26.03151234},
{"learn":[0.2021279676],"iteration":865,"passed_time":166.9948064,"remaining_time":25.83984302},
{"learn":[0.2020543606],"iteration":866,"passed_time":167.1928603,"remaining_time":25.64780902},
{"learn":[0.2019973804],"iteration":867,"passed_time":167.3874487,"remaining_time":25.45523414},
{"learn":[0.2018173853],"iteration":868,"passed_time":167.5894695,"remaining_time":25.26377503},
{"learn":[0.2017625058],"iteration":869,"passed_time":167.7806498,"remaining_time":25.07067181},
{"learn":[0.2016912601],"iteration":870,"passed_time":167.978548,"remaining_time":24.87856796},
{"learn":[0.2015883569],"iteration":871,"passed_time":168.1828903,"remaining_time":24.68739674},
{"learn":[0.2015059725],"iteration":872,"passed_time":168.3571504,"remaining_time":24.49181913},
{"learn":[0.201433538],"iteration":873,"passed_time":168.531563,"remaining_time":24.29631228},
{"learn":[0.2013639045],"iteration":874,"passed_time":168.7217377,"remaining_time":24.10310538},
{"learn":[0.2012354506],"iteration":875,"passed_time":168.8988371,"remaining_time":23.90805456},
{"learn":[0.2011840234],"iteration":876,"passed_time":169.0965369,"remaining_time":23.71593391},
{"learn":[0.2011297627],"iteration":877,"passed_time":169.2983195,"remaining_time":23.52436785},
{"learn":[0.2010227069],"iteration":878,"passed_time":169.4882373,"remaining_time":23.33114529},
{"learn":[0.2008552673],"iteration":879,"passed_time":169.6803009,"remaining_time":23.13822285},
{"learn":[0.2007257061],"iteration":880,"passed_time":169.872114,"remaining_time":22.94526852},
{"learn":[0.2006532716],"iteration":881,"passed_time":170.0778902,"remaining_time":22.75418485},
{"learn":[0.2006000857],"iteration":882,"passed_time":170.2709956,"remaining_time":22.561389},
{"learn":[0.2005445873],"iteration":883,"passed_time":170.4580096,"remaining_time":22.36779311},
{"learn":[0.2002834129],"iteration":884,"passed_time":170.6713192,"remaining_time":22.17762905},
{"learn":[0.2002336305],"iteration":885,"passed_time":170.8724248,"remaining_time":21.98584247},
{"learn":[0.2001569294],"iteration":886,"passed_time":171.0741662,"remaining_time":21.79411587},
{"learn":[0.20009096],"iteration":887,"passed_time":171.2867131,"remaining_time":21.60372957},
{"learn":[0.2000396794],"iteration":888,"passed_time":171.4822792,"remaining_time":21.41117322},
{"learn":[0.1999353431],"iteration":889,"passed_time":171.6723844,"remaining_time":21.21793515},
{"learn":[0.1997880315],"iteration":890,"passed_time":171.8660406,"remaining_time":21.02513853},
{"learn":[0.1997170952],"iteration":891,"passed_time":172.0673741,"remaining_time":20.83326951},
{"learn":[0.199522623],"iteration":892,"passed_time":172.265367,"remaining_time":20.64097903},
{"learn":[0.1993407877],"iteration":893,"passed_time":172.4597194,"remaining_time":20.44824414},
{"learn":[0.1992282928],"iteration":894,"passed_time":172.6845386,"remaining_time":20.25907995},
{"learn":[0.1989896239],"iteration":895,"passed_time":172.9095616,"remaining_time":20.06985983},
{"learn":[0.1989348746],"iteration":896,"passed_time":173.098969,"remaining_time":19.87647024},
{"learn":[0.1987355659],"iteration":897,"passed_time":173.2925905,"remaining_time":19.68356819},
{"learn":[0.1986391766],"iteration":898,"passed_time":173.4840374,"remaining_time":19.49042022},
{"learn":[0.198594361],"iteration":899,"passed_time":173.6894683,"remaining_time":19.29882981},
{"learn":[0.1985256395],"iteration":900,"passed_time":173.8836935,"remaining_time":19.10597742},
{"learn":[0.1984559245],"iteration":901,"passed_time":174.0699986,"remaining_time":18.91226149},
{"learn":[0.1984037483],"iteration":902,"passed_time":174.2666742,"remaining_time":18.71967597},
{"learn":[0.1983530214],"iteration":903,"passed_time":174.4624954,"remaining_time":18.52699066},
{"learn":[0.1982864168],"iteration":904,"passed_time":174.6676983,"remaining_time":18.33528325},
{"learn":[0.1982345988],"iteration":905,"passed_time":174.8598299,"remaining_time":18.14218986},
{"learn":[0.1981645419],"iteration":906,"passed_time":175.0518586,"remaining_time":17.94908804},
{"learn":[0.1980539361],"iteration":907,"passed_time":175.2453267,"remaining_time":17.75613442},
{"learn":[0.1979818436],"iteration":908,"passed_time":175.4369906,"remaining_time":17.56299906},
{"learn":[0.1978563698],"iteration":909,"passed_time":175.6335542,"remaining_time":17.37035152},
{"learn":[0.1977384032],"iteration":910,"passed_time":175.8371213,"remaining_time":17.17837958},
{"learn":[0.1976870412],"iteration":911,"passed_time":176.0614679,"remaining_time":16.98838725},
{"learn":[0.1975098308],"iteration":912,"passed_time":176.2515965,"remaining_time":16.79505903},
{"learn":[0.1974563843],"iteration":913,"passed_time":176.4511856,"remaining_time":16.60262797},
{"learn":[0.1973064671],"iteration":914,"passed_time":176.6521934,"remaining_time":16.41031305},
{"learn":[0.1972399114],"iteration":915,"passed_time":176.8479741,"remaining_time":16.21749981},
{"learn":[0.1970486473],"iteration":916,"passed_time":177.0407896,"remaining_time":16.02441171},
{"learn":[0.1968626757],"iteration":917,"passed_time":177.2476458,"remaining_time":15.83257838},
{"learn":[0.1967995073],"iteration":918,"passed_time":177.4405867,"remaining_time":15.63948588},
{"learn":[0.1966486456],"iteration":919,"passed_time":177.6393051,"remaining_time":15.4468961},
{"learn":[0.1965414269],"iteration":920,"passed_time":177.828542,"remaining_time":15.25347972},
{"learn":[0.1964904394],"iteration":921,"passed_time":178.0208462,"remaining_time":15.06033189},
{"learn":[0.1964396311],"iteration":922,"passed_time":178.2198716,"remaining_time":14.8677466},
{"learn":[0.1963674083],"iteration":923,"passed_time":178.4205286,"remaining_time":14.67528158},
{"learn":[0.1962829883],"iteration":924,"passed_time":178.6154491,"remaining_time":14.48233371},
{"learn":[0.1962147064],"iteration":925,"passed_time":178.8210858,"remaining_time":14.29023796},
{"learn":[0.1960779147],"iteration":926,"passed_time":179.0295032,"remaining_time":14.09833197},
{"learn":[0.1959933644],"iteration":927,"passed_time":179.2382311,"remaining_time":13.90641448},
{"learn":[0.1959405368],"iteration":928,"passed_time":179.4393233,"remaining_time":13.71387724},
{"learn":[0.195871343],"iteration":929,"passed_time":179.634698,"remaining_time":13.52089125},
{"learn":[0.1957026821],"iteration":930,"passed_time":179.8354924,"remaining_time":13.3283018},
{"learn":[0.1955177527],"iteration":931,"passed_time":180.0218206,"remaining_time":13.13463927},
{"learn":[0.1953927186],"iteration":932,"passed_time":180.2292958,"remaining_time":12.94251106},
{"learn":[0.1953241924],"iteration":933,"passed_time":180.4235043,"remaining_time":12.74941251},
{"learn":[0.1952598026],"iteration":934,"passed_time":180.6299834,"remaining_time":12.55716462},
{"learn":[0.1951017756],"iteration":935,"passed_time":180.8248341,"remaining_time":12.36409122},
{"learn":[0.1950006312],"iteration":936,"passed_time":181.0195698,"remaining_time":12.17100629},
{"learn":[0.1948553877],"iteration":937,"passed_time":181.2188464,"remaining_time":11.97821799},
{"learn":[0.1947229929],"iteration":938,"passed_time":181.4096071,"remaining_time":11.78486265},
{"learn":[0.1946205945],"iteration":939,"passed_time":181.601721,"remaining_time":11.59159921},
{"learn":[0.1945294978],"iteration":940,"passed_time":181.8013721,"remaining_time":11.39881079},
{"learn":[0.1943793526],"iteration":941,"passed_time":182.0171104,"remaining_time":11.2069983},
{"learn":[0.1943268506],"iteration":942,"passed_time":182.2127935,"remaining_time":11.01392283},
{"learn":[0.1942747721],"iteration":943,"passed_time":182.420328,"remaining_time":10.82154488},
{"learn":[0.194202761],"iteration":944,"passed_time":182.6106174,"remaining_time":10.62813117},
{"learn":[0.1941062251],"iteration":945,"passed_time":182.8146968,"remaining_time":10.43551124},
{"learn":[0.194019395],"iteration":946,"passed_time":183.0185108,"remaining_time":10.24285224},
{"learn":[0.1939675607],"iteration":947,"passed_time":183.215226,"remaining_time":10.04978033},
{"learn":[0.1939166546],"iteration":948,"passed_time":183.4145337,"remaining_time":9.856840061},
{"learn":[0.1938486659],"iteration":949,"passed_time":183.6033968,"remaining_time":9.663336671},
{"learn":[0.1937257162],"iteration":950,"passed_time":183.8047733,"remaining_time":9.470487793},
{"learn":[0.1936580695],"iteration":951,"passed_time":183.9962673,"remaining_time":9.277122723},
{"learn":[0.1934966552],"iteration":952,"passed_time":184.1874281,"remaining_time":9.083745145},
{"learn":[0.193312931],"iteration":953,"passed_time":184.3826041,"remaining_time":8.890565817},
{"learn":[0.1932478898],"iteration":954,"passed_time":184.5793486,"remaining_time":8.697456215},
{"learn":[0.1931188822],"iteration":955,"passed_time":184.7867631,"remaining_time":8.504830103},
{"learn":[0.1930674876],"iteration":956,"passed_time":184.9885353,"remaining_time":8.311919558},
{"learn":[0.1930163209],"iteration":957,"passed_time":185.1759765,"remaining_time":8.118362226},
{"learn":[0.1929653497],"iteration":958,"passed_time":185.3767035,"remaining_time":7.925385657},
{"learn":[0.1928396968],"iteration":959,"passed_time":185.5742179,"remaining_time":7.732259079},
{"learn":[0.1927911357],"iteration":960,"passed_time":185.7835983,"remaining_time":7.539604925},
{"learn":[0.1927198901],"iteration":961,"passed_time":185.9899052,"remaining_time":7.346794591},
{"learn":[0.1926545395],"iteration":962,"passed_time":186.2003744,"remaining_time":7.154116148},
{"learn":[0.1925850688],"iteration":963,"passed_time":186.4185797,"remaining_time":6.9616897},
{"learn":[0.1925345373],"iteration":964,"passed_time":186.6207659,"remaining_time":6.768628815},
{"learn":[0.1924843152],"iteration":965,"passed_time":186.8130985,"remaining_time":6.575202223},
{"learn":[0.1923892124],"iteration":966,"passed_time":187.0102613,"remaining_time":6.381942734},
{"learn":[0.1923391369],"iteration":967,"passed_time":187.2042305,"remaining_time":6.188569604},
{"learn":[0.1922170177],"iteration":968,"passed_time":187.4015932,"remaining_time":5.995303807},
{"learn":[0.192134275],"iteration":969,"passed_time":187.6046445,"remaining_time":5.8022055},
{"learn":[0.1920339937],"iteration":970,"passed_time":187.819643,"remaining_time":5.609443508},
{"learn":[0.1919690339],"iteration":971,"passed_time":188.0380726,"remaining_time":5.416734602},
{"learn":[0.1917768415],"iteration":972,"passed_time":188.2514407,"remaining_time":5.223832373},
{"learn":[0.1917290459],"iteration":973,"passed_time":188.4502201,"remaining_time":5.030498689},
{"learn":[0.1916597543],"iteration":974,"passed_time":188.6590163,"remaining_time":4.837410675},
{"learn":[0.191526415],"iteration":975,"passed_time":188.8643486,"remaining_time":4.644205294},
{"learn":[0.1914767303],"iteration":976,"passed_time":189.0707905,"remaining_time":4.45100121},
{"learn":[0.1914274201],"iteration":977,"passed_time":189.2675469,"remaining_time":4.25755218},
{"learn":[0.1913802596],"iteration":978,"passed_time":189.4733351,"remaining_time":4.064290129},
{"learn":[0.1912306355],"iteration":979,"passed_time":189.664173,"remaining_time":3.870697408},
{"learn":[0.1910846918],"iteration":980,"passed_time":189.8671599,"remaining_time":3.677345604},
{"learn":[0.1909479164],"iteration":981,"passed_time":190.0554233,"remaining_time":3.483704297},
{"learn":[0.1908803185],"iteration":982,"passed_time":190.2576443,"remaining_time":3.290315313},
{"learn":[0.190834135],"iteration":983,"passed_time":190.4588437,"remaining_time":3.096891768},
{"learn":[0.1907208096],"iteration":984,"passed_time":190.6470946,"remaining_time":2.903255248},
{"learn":[0.1905957917],"iteration":985,"passed_time":190.838808,"remaining_time":2.709678816},
{"learn":[0.1905482892],"iteration":986,"passed_time":191.0434353,"remaining_time":2.516276249},
{"learn":[0.1904812287],"iteration":987,"passed_time":191.2270386,"remaining_time":2.322595611},
{"learn":[0.1904126211],"iteration":988,"passed_time":191.4295543,"remaining_time":2.129145701},
{"learn":[0.1903638158],"iteration":989,"passed_time":191.6263129,"remaining_time":1.935619323},
{"learn":[0.1903010382],"iteration":990,"passed_time":191.8176052,"remaining_time":1.742036778},
{"learn":[0.1901210594],"iteration":991,"passed_time":192.0119948,"remaining_time":1.548483829},
{"learn":[0.190036851],"iteration":992,"passed_time":192.2067719,"remaining_time":1.354931927},
{"learn":[0.1899727381],"iteration":993,"passed_time":192.415202,"remaining_time":1.161459972},
{"learn":[0.1898736781],"iteration":994,"passed_time":192.606667,"remaining_time":0.9678726984},
{"learn":[0.1898248565],"iteration":995,"passed_time":192.8048451,"remaining_time":0.7743166472},
{"learn":[0.1897797315],"iteration":996,"passed_time":192.9997791,"remaining_time":0.5807415619},
{"learn":[0.1897135992],"iteration":997,"passed_time":193.1869255,"remaining_time":0.3871481472},
{"learn":[0.189665315],"iteration":998,"passed_time":193.3778762,"remaining_time":0.1935714477},
{"learn":[0.1896211834],"iteration":999,"passed_time":193.56338,"remaining_time":0}
]}